2026-01-08 17:54:44,245 INFO o.a.j.u.JMeterUtils: Setting Locale to en_EN
2026-01-08 17:54:44,270 INFO o.a.j.JMeter: Loading user properties from: C:\Users\giang\AppData\Local\Programs\JMeter\bin\user.properties
2026-01-08 17:54:44,271 INFO o.a.j.JMeter: Loading system properties from: C:\Users\giang\AppData\Local\Programs\JMeter\bin\system.properties
2026-01-08 17:54:44,271 INFO o.a.j.JMeter: Setting JMeter property: dataDir=d:\1_Hoc_Tap\1_1_Dai_Hoc\Tai_lieu_ki_1_nam_3\CongNghePhanMemChuyenSau\HMS-total\HMS_Backend\infrastructure\jmeter\data
2026-01-08 17:54:44,278 INFO o.a.j.JMeter: Copyright (c) 1998-2024 The Apache Software Foundation
2026-01-08 17:54:44,278 INFO o.a.j.JMeter: Version 5.6.3
2026-01-08 17:54:44,278 INFO o.a.j.JMeter: java.version=21.0.9
2026-01-08 17:54:44,279 INFO o.a.j.JMeter: java.vm.name=OpenJDK 64-Bit Server VM
2026-01-08 17:54:44,279 INFO o.a.j.JMeter: os.name=Windows 11
2026-01-08 17:54:44,279 INFO o.a.j.JMeter: os.arch=amd64
2026-01-08 17:54:44,279 INFO o.a.j.JMeter: os.version=10.0
2026-01-08 17:54:44,279 INFO o.a.j.JMeter: file.encoding=UTF-8
2026-01-08 17:54:44,280 INFO o.a.j.JMeter: java.awt.headless=null
2026-01-08 17:54:44,280 INFO o.a.j.JMeter: Max memory     =1073741824
2026-01-08 17:54:44,280 INFO o.a.j.JMeter: Available Processors =16
2026-01-08 17:54:44,293 INFO o.a.j.JMeter: Default Locale=English (EN)
2026-01-08 17:54:44,293 INFO o.a.j.JMeter: JMeter  Locale=English (EN)
2026-01-08 17:54:44,293 INFO o.a.j.JMeter: JMeterHome=C:\Users\giang\AppData\Local\Programs\JMeter
2026-01-08 17:54:44,294 INFO o.a.j.JMeter: user.dir  =D:\1_Hoc_Tap\1_1_Dai_Hoc\Tai_lieu_ki_1_nam_3\CongNghePhanMemChuyenSau\HMS-total\HMS_Backend\infrastructure\jmeter
2026-01-08 17:54:44,294 INFO o.a.j.JMeter: PWD       =D:\1_Hoc_Tap\1_1_Dai_Hoc\Tai_lieu_ki_1_nam_3\CongNghePhanMemChuyenSau\HMS-total\HMS_Backend\infrastructure\jmeter
2026-01-08 17:54:44,295 INFO o.a.j.JMeter: IP: 172.17.96.1 Name: GiangNgoc FullName: GiangNgoc.mshome.net
2026-01-08 17:54:44,304 INFO o.a.j.JMeter: Loaded icon properties from org/apache/jmeter/images/icon.properties
2026-01-08 17:54:44,472 INFO o.a.j.JMeterGuiLauncher: Setting LAF to: com.github.weisj.darklaf.DarkLaf:com.github.weisj.darklaf.theme.DarculaTheme
2026-01-08 17:54:46,284 INFO o.a.j.JMeterGuiLauncher: Loading file: d:\1_Hoc_Tap\1_1_Dai_Hoc\Tai_lieu_ki_1_nam_3\CongNghePhanMemChuyenSau\HMS-total\HMS_Backend\infrastructure\jmeter\test-plans\HMS_LoadTest_50VU.jmx
2026-01-08 17:54:46,289 INFO o.a.j.s.FileServer: Default base='D:\1_Hoc_Tap\1_1_Dai_Hoc\Tai_lieu_ki_1_nam_3\CongNghePhanMemChuyenSau\HMS-total\HMS_Backend\infrastructure\jmeter'
2026-01-08 17:54:46,290 INFO o.a.j.s.FileServer: Set new base='d:\1_Hoc_Tap\1_1_Dai_Hoc\Tai_lieu_ki_1_nam_3\CongNghePhanMemChuyenSau\HMS-total\HMS_Backend\infrastructure\jmeter\test-plans'
2026-01-08 17:54:46,693 INFO o.a.j.s.SaveService: Testplan (JMX) version: 2.2. Testlog (JTL) version: 2.2
2026-01-08 17:54:46,747 INFO o.a.j.s.SaveService: Using SaveService properties version 5.0
2026-01-08 17:54:46,753 INFO o.a.j.s.SaveService: Using SaveService properties file encoding UTF-8
2026-01-08 17:54:46,757 INFO o.a.j.s.SaveService: Loading file: d:\1_Hoc_Tap\1_1_Dai_Hoc\Tai_lieu_ki_1_nam_3\CongNghePhanMemChuyenSau\HMS-total\HMS_Backend\infrastructure\jmeter\test-plans\HMS_LoadTest_50VU.jmx
2026-01-08 17:54:46,808 INFO o.a.j.p.h.s.HTTPSamplerBase: Parser for text/html is org.apache.jmeter.protocol.http.parser.LagartoBasedHtmlParser
2026-01-08 17:54:46,808 INFO o.a.j.p.h.s.HTTPSamplerBase: Parser for application/xhtml+xml is org.apache.jmeter.protocol.http.parser.LagartoBasedHtmlParser
2026-01-08 17:54:46,808 INFO o.a.j.p.h.s.HTTPSamplerBase: Parser for application/xml is org.apache.jmeter.protocol.http.parser.LagartoBasedHtmlParser
2026-01-08 17:54:46,808 INFO o.a.j.p.h.s.HTTPSamplerBase: Parser for text/xml is org.apache.jmeter.protocol.http.parser.LagartoBasedHtmlParser
2026-01-08 17:54:46,808 INFO o.a.j.p.h.s.HTTPSamplerBase: Parser for text/vnd.wap.wml is org.apache.jmeter.protocol.http.parser.RegexpHTMLParser
2026-01-08 17:54:46,809 INFO o.a.j.p.h.s.HTTPSamplerBase: Parser for text/css is org.apache.jmeter.protocol.http.parser.CssParser
2026-01-08 17:54:46,854 INFO o.a.j.s.FileServer: Set new base='d:\1_Hoc_Tap\1_1_Dai_Hoc\Tai_lieu_ki_1_nam_3\CongNghePhanMemChuyenSau\HMS-total\HMS_Backend\infrastructure\jmeter\test-plans'
2026-01-08 17:54:47,366 INFO o.a.j.s.SampleResult: Note: Sample TimeStamps are START times
2026-01-08 17:54:47,366 INFO o.a.j.s.SampleResult: sampleresult.default.encoding is set to UTF-8
2026-01-08 17:54:47,366 INFO o.a.j.s.SampleResult: sampleresult.useNanoTime=true
2026-01-08 17:54:47,366 INFO o.a.j.s.SampleResult: sampleresult.nanoThreadSleep=5000
2026-01-08 17:55:15,929 INFO o.a.j.e.StandardJMeterEngine: Running the test!
2026-01-08 17:55:15,930 INFO o.a.j.s.SampleEvent: List of sample_variables: []
2026-01-08 17:55:15,930 INFO o.a.j.s.SampleEvent: List of sample_variables: []
2026-01-08 17:55:15,933 INFO o.a.j.e.u.CompoundVariable: Note: Function class names must contain the string: '.functions.'
2026-01-08 17:55:15,933 INFO o.a.j.e.u.CompoundVariable: Note: Function class names must not contain the string: '.gui.'
2026-01-08 17:55:15,974 INFO o.a.j.g.u.JMeterMenuBar: setRunning(true, *local*)
2026-01-08 17:55:15,997 INFO o.a.j.e.StandardJMeterEngine: Starting ThreadGroup: 1 : Patient Users (27 VUs)
2026-01-08 17:55:15,997 INFO o.a.j.e.StandardJMeterEngine: Starting 27 threads for group Patient Users (27 VUs).
2026-01-08 17:55:16,000 INFO o.a.j.e.StandardJMeterEngine: Thread will continue on error
2026-01-08 17:55:16,000 INFO o.a.j.t.ThreadGroup: Starting thread group... number=1 threads=27 ramp-up=30 delayedStart=false
2026-01-08 17:55:16,007 INFO o.a.j.t.JMeterThread: Thread started: Patient Users (27 VUs) 1-1
2026-01-08 17:55:16,011 INFO o.a.j.s.FileServer: Stored: d:\1_Hoc_Tap\1_1_Dai_Hoc\Tai_lieu_ki_1_nam_3\CongNghePhanMemChuyenSau\HMS-total\HMS_Backend\infrastructure\jmeter\data/patient_credentials.csv
2026-01-08 17:55:16,014 INFO o.a.j.t.ThreadGroup: Started thread group number 1
2026-01-08 17:55:16,014 INFO o.a.j.e.StandardJMeterEngine: Starting ThreadGroup: 2 : Doctor Users (9 VUs)
2026-01-08 17:55:16,015 INFO o.a.j.e.StandardJMeterEngine: Starting 9 threads for group Doctor Users (9 VUs).
2026-01-08 17:55:16,015 INFO o.a.j.e.StandardJMeterEngine: Thread will continue on error
2026-01-08 17:55:16,015 INFO o.a.j.t.ThreadGroup: Starting thread group... number=2 threads=9 ramp-up=15 delayedStart=false
2026-01-08 17:55:16,020 INFO o.a.j.t.ThreadGroup: Started thread group number 2
2026-01-08 17:55:16,021 INFO o.a.j.e.StandardJMeterEngine: Starting ThreadGroup: 3 : Nurse Users (7 VUs)
2026-01-08 17:55:16,021 INFO o.a.j.e.StandardJMeterEngine: Starting 7 threads for group Nurse Users (7 VUs).
2026-01-08 17:55:16,021 INFO o.a.j.e.StandardJMeterEngine: Thread will continue on error
2026-01-08 17:55:16,021 INFO o.a.j.t.ThreadGroup: Starting thread group... number=3 threads=7 ramp-up=15 delayedStart=false
2026-01-08 17:55:16,023 INFO o.a.j.t.ThreadGroup: Started thread group number 3
2026-01-08 17:55:16,024 INFO o.a.j.e.StandardJMeterEngine: Starting ThreadGroup: 4 : Receptionist Users (6 VUs)
2026-01-08 17:55:16,024 INFO o.a.j.e.StandardJMeterEngine: Starting 6 threads for group Receptionist Users (6 VUs).
2026-01-08 17:55:16,024 INFO o.a.j.e.StandardJMeterEngine: Thread will continue on error
2026-01-08 17:55:16,024 INFO o.a.j.t.ThreadGroup: Starting thread group... number=4 threads=6 ramp-up=15 delayedStart=false
2026-01-08 17:55:16,024 INFO o.a.j.t.ThreadGroup: Started thread group number 4
2026-01-08 17:55:16,024 INFO o.a.j.e.StandardJMeterEngine: Starting ThreadGroup: 5 : Admin User (1 VU)
2026-01-08 17:55:16,024 INFO o.a.j.e.StandardJMeterEngine: Starting 1 threads for group Admin User (1 VU).
2026-01-08 17:55:16,024 INFO o.a.j.e.StandardJMeterEngine: Thread will continue on error
2026-01-08 17:55:16,024 INFO o.a.j.t.ThreadGroup: Starting thread group... number=5 threads=1 ramp-up=5 delayedStart=false
2026-01-08 17:55:16,028 INFO o.a.j.t.ThreadGroup: Started thread group number 5
2026-01-08 17:55:16,028 INFO o.a.j.e.StandardJMeterEngine: All thread groups have been started
2026-01-08 17:55:17,116 INFO o.a.j.t.JMeterThread: Thread started: Patient Users (27 VUs) 1-2
2026-01-08 17:55:18,227 INFO o.a.j.t.JMeterThread: Thread started: Patient Users (27 VUs) 1-3
2026-01-08 17:55:19,341 INFO o.a.j.t.JMeterThread: Thread started: Patient Users (27 VUs) 1-4
2026-01-08 17:55:20,447 INFO o.a.j.t.JMeterThread: Thread started: Patient Users (27 VUs) 1-5
2026-01-08 17:55:21,015 INFO o.a.j.t.JMeterThread: Thread started: Doctor Users (9 VUs) 2-1
2026-01-08 17:55:21,016 INFO o.a.j.s.FileServer: Stored: d:\1_Hoc_Tap\1_1_Dai_Hoc\Tai_lieu_ki_1_nam_3\CongNghePhanMemChuyenSau\HMS-total\HMS_Backend\infrastructure\jmeter\data/doctor_credentials.csv
2026-01-08 17:55:21,559 INFO o.a.j.t.JMeterThread: Thread started: Patient Users (27 VUs) 1-6
2026-01-08 17:55:22,669 INFO o.a.j.t.JMeterThread: Thread started: Patient Users (27 VUs) 1-7
2026-01-08 17:55:22,683 INFO o.a.j.t.JMeterThread: Thread started: Doctor Users (9 VUs) 2-2
2026-01-08 17:55:23,779 INFO o.a.j.t.JMeterThread: Thread started: Patient Users (27 VUs) 1-8
2026-01-08 17:55:24,350 INFO o.a.j.t.JMeterThread: Thread started: Doctor Users (9 VUs) 2-3
2026-01-08 17:55:24,890 INFO o.a.j.t.JMeterThread: Thread started: Patient Users (27 VUs) 1-9
2026-01-08 17:55:26,001 INFO o.a.j.t.JMeterThread: Thread started: Patient Users (27 VUs) 1-10
2026-01-08 17:55:26,018 INFO o.a.j.t.JMeterThread: Thread started: Doctor Users (9 VUs) 2-4
2026-01-08 17:55:26,021 INFO o.a.j.t.JMeterThread: Thread started: Nurse Users (7 VUs) 3-1
2026-01-08 17:55:26,021 INFO o.a.j.s.FileServer: Stored: d:\1_Hoc_Tap\1_1_Dai_Hoc\Tai_lieu_ki_1_nam_3\CongNghePhanMemChuyenSau\HMS-total\HMS_Backend\infrastructure\jmeter\data/nurse_credentials.csv
2026-01-08 17:55:27,112 INFO o.a.j.t.JMeterThread: Thread started: Patient Users (27 VUs) 1-11
2026-01-08 17:55:27,685 INFO o.a.j.t.JMeterThread: Thread started: Doctor Users (9 VUs) 2-5
2026-01-08 17:55:28,165 INFO o.a.j.t.JMeterThread: Thread started: Nurse Users (7 VUs) 3-2
2026-01-08 17:55:28,223 INFO o.a.j.t.JMeterThread: Thread started: Patient Users (27 VUs) 1-12
2026-01-08 17:55:29,335 INFO o.a.j.t.JMeterThread: Thread started: Patient Users (27 VUs) 1-13
2026-01-08 17:55:29,352 INFO o.a.j.t.JMeterThread: Thread started: Doctor Users (9 VUs) 2-6
2026-01-08 17:55:30,309 INFO o.a.j.t.JMeterThread: Thread started: Nurse Users (7 VUs) 3-3
2026-01-08 17:55:30,443 INFO o.a.j.t.JMeterThread: Thread started: Patient Users (27 VUs) 1-14
2026-01-08 17:55:31,018 INFO o.a.j.t.JMeterThread: Thread started: Doctor Users (9 VUs) 2-7
2026-01-08 17:55:31,025 INFO o.a.j.t.JMeterThread: Thread started: Receptionist Users (6 VUs) 4-1
2026-01-08 17:55:31,027 INFO o.a.j.s.FileServer: Stored: d:\1_Hoc_Tap\1_1_Dai_Hoc\Tai_lieu_ki_1_nam_3\CongNghePhanMemChuyenSau\HMS-total\HMS_Backend\infrastructure\jmeter\data/receptionist_credentials.csv
2026-01-08 17:55:31,293 INFO o.a.j.p.h.s.HTTPHCAbstractImpl: Local host = GiangNgoc
2026-01-08 17:55:31,300 INFO o.a.j.p.h.s.HTTPHC4Impl: HTTP request retry count = 0
2026-01-08 17:55:31,554 INFO o.a.j.t.JMeterThread: Thread started: Patient Users (27 VUs) 1-15
2026-01-08 17:55:32,451 INFO o.a.j.t.JMeterThread: Thread started: Nurse Users (7 VUs) 3-4
2026-01-08 17:55:32,667 INFO o.a.j.t.JMeterThread: Thread started: Patient Users (27 VUs) 1-16
2026-01-08 17:55:32,686 INFO o.a.j.t.JMeterThread: Thread started: Doctor Users (9 VUs) 2-8
2026-01-08 17:55:33,525 INFO o.a.j.t.JMeterThread: Thread started: Receptionist Users (6 VUs) 4-2
2026-01-08 17:55:33,779 INFO o.a.j.t.JMeterThread: Thread started: Patient Users (27 VUs) 1-17
2026-01-08 17:55:34,353 INFO o.a.j.t.JMeterThread: Thread started: Doctor Users (9 VUs) 2-9
2026-01-08 17:55:34,594 INFO o.a.j.t.JMeterThread: Thread started: Nurse Users (7 VUs) 3-5
2026-01-08 17:55:34,888 INFO o.a.j.t.JMeterThread: Thread started: Patient Users (27 VUs) 1-18
2026-01-08 17:55:36,000 INFO o.a.j.t.JMeterThread: Thread started: Patient Users (27 VUs) 1-19
2026-01-08 17:55:36,025 INFO o.a.j.t.JMeterThread: Thread started: Receptionist Users (6 VUs) 4-3
2026-01-08 17:55:36,027 INFO o.a.j.t.JMeterThread: Thread started: Admin User (1 VU) 5-1
2026-01-08 17:55:36,738 INFO o.a.j.t.JMeterThread: Thread started: Nurse Users (7 VUs) 3-6
2026-01-08 17:55:37,110 INFO o.a.j.t.JMeterThread: Thread started: Patient Users (27 VUs) 1-20
2026-01-08 17:55:38,220 INFO o.a.j.t.JMeterThread: Thread started: Patient Users (27 VUs) 1-21
2026-01-08 17:55:38,526 INFO o.a.j.t.JMeterThread: Thread started: Receptionist Users (6 VUs) 4-4
2026-01-08 17:55:38,880 INFO o.a.j.t.JMeterThread: Thread started: Nurse Users (7 VUs) 3-7
2026-01-08 17:55:39,332 INFO o.a.j.t.JMeterThread: Thread started: Patient Users (27 VUs) 1-22
2026-01-08 17:55:40,443 INFO o.a.j.t.JMeterThread: Thread started: Patient Users (27 VUs) 1-23
2026-01-08 17:55:41,032 INFO o.a.j.t.JMeterThread: Thread started: Receptionist Users (6 VUs) 4-5
2026-01-08 17:55:41,569 INFO o.a.j.t.JMeterThread: Thread started: Patient Users (27 VUs) 1-24
2026-01-08 17:55:42,671 INFO o.a.j.t.JMeterThread: Thread started: Patient Users (27 VUs) 1-25
2026-01-08 17:55:43,536 INFO o.a.j.t.JMeterThread: Thread started: Receptionist Users (6 VUs) 4-6
2026-01-08 17:55:43,788 INFO o.a.j.t.JMeterThread: Thread started: Patient Users (27 VUs) 1-26
2026-01-08 17:55:44,903 INFO o.a.j.t.JMeterThread: Thread started: Patient Users (27 VUs) 1-27
2026-01-08 17:56:03,803 INFO o.a.j.g.a.Start: Stopping test
2026-01-08 17:56:03,811 INFO o.a.j.t.JMeterThread: Stopping: Patient Users (27 VUs) 1-26
2026-01-08 17:56:03,812 INFO o.a.j.t.JMeterThread: Stopping: Patient Users (27 VUs) 1-4
2026-01-08 17:56:03,812 INFO o.a.j.t.JMeterThread: Stopping: Patient Users (27 VUs) 1-20
2026-01-08 17:56:03,812 INFO o.a.j.t.JMeterThread: Stopping: Patient Users (27 VUs) 1-14
2026-01-08 17:56:03,812 INFO o.a.j.t.JMeterThread: Stopping: Patient Users (27 VUs) 1-25
2026-01-08 17:56:03,812 INFO o.a.j.t.JMeterThread: Stopping: Patient Users (27 VUs) 1-27
2026-01-08 17:56:03,812 INFO o.a.j.t.JMeterThread: Stopping: Patient Users (27 VUs) 1-11
2026-01-08 17:56:03,812 INFO o.a.j.t.JMeterThread: Stopping: Patient Users (27 VUs) 1-1
2026-01-08 17:56:03,812 INFO o.a.j.t.JMeterThread: Stopping: Patient Users (27 VUs) 1-10
2026-01-08 17:56:03,812 INFO o.a.j.t.JMeterThread: Stopping: Patient Users (27 VUs) 1-8
2026-01-08 17:56:03,812 INFO o.a.j.t.JMeterThread: Stopping: Patient Users (27 VUs) 1-19
2026-01-08 17:56:03,812 INFO o.a.j.t.JMeterThread: Stopping: Patient Users (27 VUs) 1-23
2026-01-08 17:56:03,812 INFO o.a.j.t.JMeterThread: Stopping: Patient Users (27 VUs) 1-3
2026-01-08 17:56:03,812 INFO o.a.j.t.JMeterThread: Stopping: Patient Users (27 VUs) 1-6
2026-01-08 17:56:03,812 INFO o.a.j.t.JMeterThread: Stopping: Patient Users (27 VUs) 1-22
2026-01-08 17:56:03,812 INFO o.a.j.t.JMeterThread: Stopping: Patient Users (27 VUs) 1-2
2026-01-08 17:56:03,812 INFO o.a.j.t.JMeterThread: Stopping: Patient Users (27 VUs) 1-17
2026-01-08 17:56:03,812 INFO o.a.j.t.JMeterThread: Stopping: Patient Users (27 VUs) 1-9
2026-01-08 17:56:03,812 INFO o.a.j.t.JMeterThread: Stopping: Patient Users (27 VUs) 1-7
2026-01-08 17:56:03,812 INFO o.a.j.t.JMeterThread: Stopping: Patient Users (27 VUs) 1-24
2026-01-08 17:56:03,812 INFO o.a.j.t.JMeterThread: Stopping: Patient Users (27 VUs) 1-15
2026-01-08 17:56:03,812 INFO o.a.j.t.JMeterThread: Stopping: Patient Users (27 VUs) 1-16
2026-01-08 17:56:03,812 INFO o.a.j.t.JMeterThread: Stopping: Patient Users (27 VUs) 1-21
2026-01-08 17:56:03,812 INFO o.a.j.t.JMeterThread: Stopping: Patient Users (27 VUs) 1-18
2026-01-08 17:56:03,812 INFO o.a.j.t.JMeterThread: Stopping: Patient Users (27 VUs) 1-12
2026-01-08 17:56:03,812 INFO o.a.j.t.JMeterThread: Stopping: Patient Users (27 VUs) 1-5
2026-01-08 17:56:03,812 INFO o.a.j.t.JMeterThread: Stopping: Patient Users (27 VUs) 1-13
2026-01-08 17:56:03,812 INFO o.a.j.t.JMeterThread: Stopping: Doctor Users (9 VUs) 2-2
2026-01-08 17:56:03,812 INFO o.a.j.t.JMeterThread: Stopping: Doctor Users (9 VUs) 2-9
2026-01-08 17:56:03,813 INFO o.a.j.t.JMeterThread: Stopping: Doctor Users (9 VUs) 2-8
2026-01-08 17:56:03,813 INFO o.a.j.t.JMeterThread: Stopping: Doctor Users (9 VUs) 2-7
2026-01-08 17:56:03,813 INFO o.a.j.t.JMeterThread: Stopping: Doctor Users (9 VUs) 2-1
2026-01-08 17:56:03,813 INFO o.a.j.t.JMeterThread: Stopping: Doctor Users (9 VUs) 2-5
2026-01-08 17:56:03,813 INFO o.a.j.t.JMeterThread: Stopping: Doctor Users (9 VUs) 2-6
2026-01-08 17:56:03,813 INFO o.a.j.t.JMeterThread: Stopping: Doctor Users (9 VUs) 2-4
2026-01-08 17:56:03,813 INFO o.a.j.t.JMeterThread: Stopping: Doctor Users (9 VUs) 2-3
2026-01-08 17:56:03,813 INFO o.a.j.t.JMeterThread: Stopping: Nurse Users (7 VUs) 3-2
2026-01-08 17:56:03,813 INFO o.a.j.t.JMeterThread: Stopping: Nurse Users (7 VUs) 3-4
2026-01-08 17:56:03,813 INFO o.a.j.t.JMeterThread: Stopping: Nurse Users (7 VUs) 3-7
2026-01-08 17:56:03,813 INFO o.a.j.t.JMeterThread: Stopping: Nurse Users (7 VUs) 3-6
2026-01-08 17:56:03,813 INFO o.a.j.t.JMeterThread: Stopping: Nurse Users (7 VUs) 3-3
2026-01-08 17:56:03,813 INFO o.a.j.t.JMeterThread: Stopping: Nurse Users (7 VUs) 3-5
2026-01-08 17:56:03,813 INFO o.a.j.t.JMeterThread: Stopping: Nurse Users (7 VUs) 3-1
2026-01-08 17:56:03,813 INFO o.a.j.t.JMeterThread: Stopping: Receptionist Users (6 VUs) 4-1
2026-01-08 17:56:03,813 INFO o.a.j.t.JMeterThread: Stopping: Receptionist Users (6 VUs) 4-3
2026-01-08 17:56:03,813 INFO o.a.j.t.JMeterThread: Stopping: Receptionist Users (6 VUs) 4-6
2026-01-08 17:56:03,813 INFO o.a.j.t.JMeterThread: Stopping: Receptionist Users (6 VUs) 4-2
2026-01-08 17:56:03,813 INFO o.a.j.t.JMeterThread: Stopping: Receptionist Users (6 VUs) 4-4
2026-01-08 17:56:03,813 INFO o.a.j.t.JMeterThread: Stopping: Receptionist Users (6 VUs) 4-5
2026-01-08 17:56:03,813 INFO o.a.j.t.JMeterThread: Stopping: Admin User (1 VU) 5-1
2026-01-08 17:56:03,813 WARN o.a.j.t.JMeterThread: The delay timer was interrupted - probably did not wait as long as intended.
2026-01-08 17:56:03,813 WARN o.a.j.t.JMeterThread: The delay timer was interrupted - probably did not wait as long as intended.
2026-01-08 17:56:03,813 WARN o.a.j.t.JMeterThread: The delay timer was interrupted - probably did not wait as long as intended.
2026-01-08 17:56:03,813 WARN o.a.j.t.JMeterThread: The delay timer was interrupted - probably did not wait as long as intended.
2026-01-08 17:56:03,813 WARN o.a.j.t.JMeterThread: The delay timer was interrupted - probably did not wait as long as intended.
2026-01-08 17:56:03,813 WARN o.a.j.t.JMeterThread: The delay timer was interrupted - probably did not wait as long as intended.
2026-01-08 17:56:03,813 WARN o.a.j.t.JMeterThread: The delay timer was interrupted - probably did not wait as long as intended.
2026-01-08 17:56:03,813 WARN o.a.j.t.JMeterThread: The delay timer was interrupted - probably did not wait as long as intended.
2026-01-08 17:56:03,813 WARN o.a.j.t.JMeterThread: The delay timer was interrupted - probably did not wait as long as intended.
2026-01-08 17:56:03,813 WARN o.a.j.t.JMeterThread: The delay timer was interrupted - probably did not wait as long as intended.
2026-01-08 17:56:03,813 WARN o.a.j.t.JMeterThread: The delay timer was interrupted - probably did not wait as long as intended.
2026-01-08 17:56:03,813 WARN o.a.j.t.JMeterThread: The delay timer was interrupted - probably did not wait as long as intended.
2026-01-08 17:56:03,813 INFO o.a.j.t.JMeterThread: Thread finished: Patient Users (27 VUs) 1-7
2026-01-08 17:56:03,814 WARN o.a.j.t.JMeterThread: The delay timer was interrupted - probably did not wait as long as intended.
2026-01-08 17:56:03,814 INFO o.a.j.t.JMeterThread: Thread finished: Patient Users (27 VUs) 1-8
2026-01-08 17:56:03,813 WARN o.a.j.t.JMeterThread: The delay timer was interrupted - probably did not wait as long as intended.
2026-01-08 17:56:03,814 INFO o.a.j.t.JMeterThread: Thread finished: Receptionist Users (6 VUs) 4-6
2026-01-08 17:56:03,814 WARN o.a.j.t.JMeterThread: The delay timer was interrupted - probably did not wait as long as intended.
2026-01-08 17:56:03,814 WARN o.a.j.t.JMeterThread: The delay timer was interrupted - probably did not wait as long as intended.
2026-01-08 17:56:03,813 WARN o.a.j.t.JMeterThread: The delay timer was interrupted - probably did not wait as long as intended.
2026-01-08 17:56:03,815 INFO o.a.j.t.JMeterThread: Thread finished: Receptionist Users (6 VUs) 4-1
2026-01-08 17:56:03,813 WARN o.a.j.t.JMeterThread: The delay timer was interrupted - probably did not wait as long as intended.
2026-01-08 17:56:03,815 INFO o.a.j.t.JMeterThread: Thread finished: Receptionist Users (6 VUs) 4-2
2026-01-08 17:56:03,813 WARN o.a.j.t.JMeterThread: The delay timer was interrupted - probably did not wait as long as intended.
2026-01-08 17:56:03,814 INFO o.a.j.t.JMeterThread: Thread finished: Nurse Users (7 VUs) 3-1
2026-01-08 17:56:03,814 INFO o.a.j.t.JMeterThread: Thread finished: Patient Users (27 VUs) 1-25
2026-01-08 17:56:03,815 INFO o.a.j.t.JMeterThread: Thread finished: Patient Users (27 VUs) 1-14
2026-01-08 17:56:03,814 WARN o.a.j.t.JMeterThread: The delay timer was interrupted - probably did not wait as long as intended.
2026-01-08 17:56:03,814 WARN o.a.j.t.JMeterThread: The delay timer was interrupted - probably did not wait as long as intended.
2026-01-08 17:56:03,814 WARN o.a.j.t.JMeterThread: The delay timer was interrupted - probably did not wait as long as intended.
2026-01-08 17:56:03,816 INFO o.a.j.t.JMeterThread: Thread finished: Patient Users (27 VUs) 1-4
2026-01-08 17:56:03,816 INFO o.a.j.t.JMeterThread: Thread finished: Patient Users (27 VUs) 1-2
2026-01-08 17:56:03,814 WARN o.a.j.t.JMeterThread: The delay timer was interrupted - probably did not wait as long as intended.
2026-01-08 17:56:03,814 WARN o.a.j.t.JMeterThread: The delay timer was interrupted - probably did not wait as long as intended.
2026-01-08 17:56:03,816 INFO o.a.j.t.JMeterThread: Thread finished: Patient Users (27 VUs) 1-26
2026-01-08 17:56:03,814 WARN o.a.j.t.JMeterThread: The delay timer was interrupted - probably did not wait as long as intended.
2026-01-08 17:56:03,816 INFO o.a.j.t.JMeterThread: Thread finished: Patient Users (27 VUs) 1-22
2026-01-08 17:56:03,814 WARN o.a.j.t.JMeterThread: The delay timer was interrupted - probably did not wait as long as intended.
2026-01-08 17:56:03,814 WARN o.a.j.t.JMeterThread: The delay timer was interrupted - probably did not wait as long as intended.
2026-01-08 17:56:03,814 INFO o.a.j.t.JMeterThread: Thread finished: Doctor Users (9 VUs) 2-1
2026-01-08 17:56:03,816 INFO o.a.j.t.JMeterThread: Thread finished: Patient Users (27 VUs) 1-1
2026-01-08 17:56:03,816 INFO o.a.j.t.JMeterThread: Thread finished: Patient Users (27 VUs) 1-18
2026-01-08 17:56:03,814 WARN o.a.j.t.JMeterThread: The delay timer was interrupted - probably did not wait as long as intended.
2026-01-08 17:56:03,814 INFO o.a.j.t.JMeterThread: Thread finished: Nurse Users (7 VUs) 3-2
2026-01-08 17:56:03,814 WARN o.a.j.t.JMeterThread: The delay timer was interrupted - probably did not wait as long as intended.
2026-01-08 17:56:03,816 INFO o.a.j.t.JMeterThread: Thread finished: Patient Users (27 VUs) 1-6
2026-01-08 17:56:03,814 INFO o.a.j.t.JMeterThread: Thread finished: Patient Users (27 VUs) 1-24
2026-01-08 17:56:03,816 INFO o.a.j.t.JMeterThread: Thread finished: Receptionist Users (6 VUs) 4-3
2026-01-08 17:56:03,814 WARN o.a.j.t.JMeterThread: The delay timer was interrupted - probably did not wait as long as intended.
2026-01-08 17:56:03,816 INFO o.a.j.t.JMeterThread: Thread finished: Nurse Users (7 VUs) 3-5
2026-01-08 17:56:03,816 INFO o.a.j.t.JMeterThread: Thread finished: Nurse Users (7 VUs) 3-6
2026-01-08 17:56:03,813 WARN o.a.j.t.JMeterThread: The delay timer was interrupted - probably did not wait as long as intended.
2026-01-08 17:56:03,813 WARN o.a.j.t.JMeterThread: The delay timer was interrupted - probably did not wait as long as intended.
2026-01-08 17:56:03,816 INFO o.a.j.t.JMeterThread: Thread finished: Doctor Users (9 VUs) 2-3
2026-01-08 17:56:03,816 INFO o.a.j.t.JMeterThread: Thread finished: Nurse Users (7 VUs) 3-7
2026-01-08 17:56:03,813 INFO o.a.j.t.JMeterThread: Thread finished: Doctor Users (9 VUs) 2-5
2026-01-08 17:56:03,817 INFO o.a.j.t.JMeterThread: Thread finished: Doctor Users (9 VUs) 2-4
2026-01-08 17:56:03,813 WARN o.a.j.t.JMeterThread: The delay timer was interrupted - probably did not wait as long as intended.
2026-01-08 17:56:03,813 INFO o.a.j.t.JMeterThread: Thread finished: Receptionist Users (6 VUs) 4-4
2026-01-08 17:56:03,813 WARN o.a.j.t.JMeterThread: The delay timer was interrupted - probably did not wait as long as intended.
2026-01-08 17:56:03,813 WARN o.a.j.t.JMeterThread: The delay timer was interrupted - probably did not wait as long as intended.
2026-01-08 17:56:03,813 WARN o.a.j.t.JMeterThread: The delay timer was interrupted - probably did not wait as long as intended.
2026-01-08 17:56:03,813 WARN o.a.j.t.JMeterThread: The delay timer was interrupted - probably did not wait as long as intended.
2026-01-08 17:56:03,817 INFO o.a.j.t.JMeterThread: Thread finished: Doctor Users (9 VUs) 2-2
2026-01-08 17:56:03,813 INFO o.a.j.t.JMeterThread: Thread finished: Patient Users (27 VUs) 1-19
2026-01-08 17:56:03,817 INFO o.a.j.t.JMeterThread: Thread finished: Doctor Users (9 VUs) 2-6
2026-01-08 17:56:03,817 INFO o.a.j.t.JMeterThread: Thread finished: Doctor Users (9 VUs) 2-8
2026-01-08 17:56:03,813 WARN o.a.j.t.JMeterThread: The delay timer was interrupted - probably did not wait as long as intended.
2026-01-08 17:56:03,813 INFO o.a.j.t.JMeterThread: Thread finished: Patient Users (27 VUs) 1-16
2026-01-08 17:56:03,813 WARN o.a.j.t.JMeterThread: The delay timer was interrupted - probably did not wait as long as intended.
2026-01-08 17:56:03,813 WARN o.a.j.t.JMeterThread: The delay timer was interrupted - probably did not wait as long as intended.
2026-01-08 17:56:03,818 INFO o.a.j.t.JMeterThread: Thread finished: Patient Users (27 VUs) 1-17
2026-01-08 17:56:03,813 WARN o.a.j.t.JMeterThread: The delay timer was interrupted - probably did not wait as long as intended.
2026-01-08 17:56:03,813 WARN o.a.j.t.JMeterThread: The delay timer was interrupted - probably did not wait as long as intended.
2026-01-08 17:56:03,818 INFO o.a.j.t.JMeterThread: Thread finished: Patient Users (27 VUs) 1-5
2026-01-08 17:56:03,813 WARN o.a.j.t.JMeterThread: The delay timer was interrupted - probably did not wait as long as intended.
2026-01-08 17:56:03,813 WARN o.a.j.t.JMeterThread: The delay timer was interrupted - probably did not wait as long as intended.
2026-01-08 17:56:03,813 WARN o.a.j.t.JMeterThread: The delay timer was interrupted - probably did not wait as long as intended.
2026-01-08 17:56:03,813 WARN o.a.j.t.JMeterThread: The delay timer was interrupted - probably did not wait as long as intended.
2026-01-08 17:56:03,813 WARN o.a.j.t.JMeterThread: The delay timer was interrupted - probably did not wait as long as intended.
2026-01-08 17:56:03,813 WARN o.a.j.t.JMeterThread: The delay timer was interrupted - probably did not wait as long as intended.
2026-01-08 17:56:03,813 WARN o.a.j.t.JMeterThread: The delay timer was interrupted - probably did not wait as long as intended.
2026-01-08 17:56:03,818 INFO o.a.j.t.JMeterThread: Thread finished: Receptionist Users (6 VUs) 4-5
2026-01-08 17:56:03,819 INFO o.a.j.t.JMeterThread: Thread finished: Patient Users (27 VUs) 1-3
2026-01-08 17:56:03,819 INFO o.a.j.t.JMeterThread: Thread finished: Patient Users (27 VUs) 1-10
2026-01-08 17:56:03,813 WARN o.a.j.t.JMeterThread: The delay timer was interrupted - probably did not wait as long as intended.
2026-01-08 17:56:03,818 INFO o.a.j.t.JMeterThread: Thread finished: Patient Users (27 VUs) 1-9
2026-01-08 17:56:03,819 INFO o.a.j.t.JMeterThread: Thread finished: Patient Users (27 VUs) 1-20
2026-01-08 17:56:03,818 INFO o.a.j.t.JMeterThread: Thread finished: Admin User (1 VU) 5-1
2026-01-08 17:56:03,818 INFO o.a.j.t.JMeterThread: Thread finished: Doctor Users (9 VUs) 2-7
2026-01-08 17:56:03,819 INFO o.a.j.t.JMeterThread: Thread finished: Patient Users (27 VUs) 1-21
2026-01-08 17:56:03,819 INFO o.a.j.t.JMeterThread: Thread finished: Patient Users (27 VUs) 1-11
2026-01-08 17:56:03,818 INFO o.a.j.t.JMeterThread: Thread finished: Patient Users (27 VUs) 1-23
2026-01-08 17:56:03,818 INFO o.a.j.t.JMeterThread: Thread finished: Nurse Users (7 VUs) 3-4
2026-01-08 17:56:03,818 INFO o.a.j.t.JMeterThread: Thread finished: Patient Users (27 VUs) 1-13
2026-01-08 17:56:03,819 INFO o.a.j.t.JMeterThread: Thread finished: Nurse Users (7 VUs) 3-3
2026-01-08 17:56:03,817 INFO o.a.j.t.JMeterThread: Thread finished: Patient Users (27 VUs) 1-12
2026-01-08 17:56:03,820 INFO o.a.j.t.JMeterThread: Thread finished: Doctor Users (9 VUs) 2-9
2026-01-08 17:56:03,816 INFO o.a.j.t.JMeterThread: Thread finished: Patient Users (27 VUs) 1-27
2026-01-08 17:56:03,819 INFO o.a.j.t.JMeterThread: Thread finished: Patient Users (27 VUs) 1-15
2026-01-08 17:56:03,821 INFO o.a.j.e.StandardJMeterEngine: Notifying test listeners of end of test
2026-01-08 17:56:03,821 INFO o.a.j.s.FileServer: Close: d:\1_Hoc_Tap\1_1_Dai_Hoc\Tai_lieu_ki_1_nam_3\CongNghePhanMemChuyenSau\HMS-total\HMS_Backend\infrastructure\jmeter\data/nurse_credentials.csv
2026-01-08 17:56:03,824 INFO o.a.j.s.FileServer: Close: d:\1_Hoc_Tap\1_1_Dai_Hoc\Tai_lieu_ki_1_nam_3\CongNghePhanMemChuyenSau\HMS-total\HMS_Backend\infrastructure\jmeter\data/receptionist_credentials.csv
2026-01-08 17:56:03,824 INFO o.a.j.s.FileServer: Close: d:\1_Hoc_Tap\1_1_Dai_Hoc\Tai_lieu_ki_1_nam_3\CongNghePhanMemChuyenSau\HMS-total\HMS_Backend\infrastructure\jmeter\data/doctor_credentials.csv
2026-01-08 17:56:03,824 INFO o.a.j.s.FileServer: Close: d:\1_Hoc_Tap\1_1_Dai_Hoc\Tai_lieu_ki_1_nam_3\CongNghePhanMemChuyenSau\HMS-total\HMS_Backend\infrastructure\jmeter\data/patient_credentials.csv
2026-01-08 17:56:03,825 INFO o.a.j.g.u.JMeterMenuBar: setRunning(false, *local*)
2026-01-08 18:01:09,124 INFO o.a.j.e.StandardJMeterEngine: Running the test!
2026-01-08 18:01:09,125 INFO o.a.j.s.SampleEvent: List of sample_variables: []
2026-01-08 18:01:09,125 INFO o.a.j.g.u.JMeterMenuBar: setRunning(true, *local*)
2026-01-08 18:01:09,188 INFO o.a.j.e.StandardJMeterEngine: Starting ThreadGroup: 1 : Patient Users (27 VUs)
2026-01-08 18:01:09,188 INFO o.a.j.e.StandardJMeterEngine: Starting 27 threads for group Patient Users (27 VUs).
2026-01-08 18:01:09,188 INFO o.a.j.e.StandardJMeterEngine: Thread will continue on error
2026-01-08 18:01:09,188 INFO o.a.j.t.ThreadGroup: Starting thread group... number=1 threads=27 ramp-up=30 delayedStart=false
2026-01-08 18:01:09,188 INFO o.a.j.t.JMeterThread: Thread started: Patient Users (27 VUs) 1-1
2026-01-08 18:01:09,191 INFO o.a.j.s.FileServer: Stored: d:\1_Hoc_Tap\1_1_Dai_Hoc\Tai_lieu_ki_1_nam_3\CongNghePhanMemChuyenSau\HMS-total\HMS_Backend\infrastructure\jmeter\data/patient_credentials.csv
2026-01-08 18:01:09,197 INFO o.a.j.t.ThreadGroup: Started thread group number 1
2026-01-08 18:01:09,197 INFO o.a.j.e.StandardJMeterEngine: Starting ThreadGroup: 2 : Doctor Users (9 VUs)
2026-01-08 18:01:09,197 INFO o.a.j.e.StandardJMeterEngine: Starting 9 threads for group Doctor Users (9 VUs).
2026-01-08 18:01:09,197 INFO o.a.j.e.StandardJMeterEngine: Thread will continue on error
2026-01-08 18:01:09,197 INFO o.a.j.t.ThreadGroup: Starting thread group... number=2 threads=9 ramp-up=15 delayedStart=false
2026-01-08 18:01:09,198 INFO o.a.j.t.ThreadGroup: Started thread group number 2
2026-01-08 18:01:09,198 INFO o.a.j.e.StandardJMeterEngine: Starting ThreadGroup: 3 : Nurse Users (7 VUs)
2026-01-08 18:01:09,198 INFO o.a.j.e.StandardJMeterEngine: Starting 7 threads for group Nurse Users (7 VUs).
2026-01-08 18:01:09,198 INFO o.a.j.e.StandardJMeterEngine: Thread will continue on error
2026-01-08 18:01:09,198 INFO o.a.j.t.ThreadGroup: Starting thread group... number=3 threads=7 ramp-up=15 delayedStart=false
2026-01-08 18:01:09,201 INFO o.a.j.t.ThreadGroup: Started thread group number 3
2026-01-08 18:01:09,201 INFO o.a.j.e.StandardJMeterEngine: Starting ThreadGroup: 4 : Receptionist Users (6 VUs)
2026-01-08 18:01:09,201 INFO o.a.j.e.StandardJMeterEngine: Starting 6 threads for group Receptionist Users (6 VUs).
2026-01-08 18:01:09,201 INFO o.a.j.e.StandardJMeterEngine: Thread will continue on error
2026-01-08 18:01:09,201 INFO o.a.j.t.ThreadGroup: Starting thread group... number=4 threads=6 ramp-up=15 delayedStart=false
2026-01-08 18:01:09,204 INFO o.a.j.t.ThreadGroup: Started thread group number 4
2026-01-08 18:01:09,204 INFO o.a.j.e.StandardJMeterEngine: Starting ThreadGroup: 5 : Admin User (1 VU)
2026-01-08 18:01:09,204 INFO o.a.j.e.StandardJMeterEngine: Starting 1 threads for group Admin User (1 VU).
2026-01-08 18:01:09,204 INFO o.a.j.e.StandardJMeterEngine: Thread will continue on error
2026-01-08 18:01:09,205 INFO o.a.j.t.ThreadGroup: Starting thread group... number=5 threads=1 ramp-up=5 delayedStart=false
2026-01-08 18:01:09,205 INFO o.a.j.t.ThreadGroup: Started thread group number 5
2026-01-08 18:01:09,205 INFO o.a.j.e.StandardJMeterEngine: All thread groups have been started
2026-01-08 18:01:10,303 INFO o.a.j.t.JMeterThread: Thread started: Patient Users (27 VUs) 1-2
2026-01-08 18:01:11,413 INFO o.a.j.t.JMeterThread: Thread started: Patient Users (27 VUs) 1-3
2026-01-08 18:01:12,525 INFO o.a.j.t.JMeterThread: Thread started: Patient Users (27 VUs) 1-4
2026-01-08 18:01:13,633 INFO o.a.j.t.JMeterThread: Thread started: Patient Users (27 VUs) 1-5
2026-01-08 18:01:14,198 INFO o.a.j.t.JMeterThread: Thread started: Doctor Users (9 VUs) 2-1
2026-01-08 18:01:14,198 INFO o.a.j.s.FileServer: Stored: d:\1_Hoc_Tap\1_1_Dai_Hoc\Tai_lieu_ki_1_nam_3\CongNghePhanMemChuyenSau\HMS-total\HMS_Backend\infrastructure\jmeter\data/doctor_credentials.csv
2026-01-08 18:01:14,745 INFO o.a.j.t.JMeterThread: Thread started: Patient Users (27 VUs) 1-6
2026-01-08 18:01:15,854 INFO o.a.j.t.JMeterThread: Thread started: Patient Users (27 VUs) 1-7
2026-01-08 18:01:15,865 INFO o.a.j.t.JMeterThread: Thread started: Doctor Users (9 VUs) 2-2
2026-01-08 18:01:16,967 INFO o.a.j.t.JMeterThread: Thread started: Patient Users (27 VUs) 1-8
2026-01-08 18:01:17,534 INFO o.a.j.t.JMeterThread: Thread started: Doctor Users (9 VUs) 2-3
2026-01-08 18:01:17,921 INFO o.a.j.g.a.Start: Stopping test
2026-01-08 18:01:17,931 INFO o.a.j.t.JMeterThread: Stopping: Patient Users (27 VUs) 1-23
2026-01-08 18:01:17,931 INFO o.a.j.t.JMeterThread: Stopping: Patient Users (27 VUs) 1-26
2026-01-08 18:01:17,931 INFO o.a.j.t.JMeterThread: Stopping: Patient Users (27 VUs) 1-8
2026-01-08 18:01:17,931 INFO o.a.j.t.JMeterThread: Stopping: Patient Users (27 VUs) 1-18
2026-01-08 18:01:17,931 INFO o.a.j.t.JMeterThread: Stopping: Patient Users (27 VUs) 1-7
2026-01-08 18:01:17,931 INFO o.a.j.t.JMeterThread: Stopping: Patient Users (27 VUs) 1-24
2026-01-08 18:01:17,931 INFO o.a.j.t.JMeterThread: Stopping: Patient Users (27 VUs) 1-13
2026-01-08 18:01:17,931 INFO o.a.j.t.JMeterThread: Stopping: Patient Users (27 VUs) 1-22
2026-01-08 18:01:17,931 INFO o.a.j.t.JMeterThread: Stopping: Patient Users (27 VUs) 1-9
2026-01-08 18:01:17,931 INFO o.a.j.t.JMeterThread: Stopping: Patient Users (27 VUs) 1-19
2026-01-08 18:01:17,931 INFO o.a.j.t.JMeterThread: Stopping: Patient Users (27 VUs) 1-27
2026-01-08 18:01:17,931 INFO o.a.j.t.JMeterThread: Stopping: Patient Users (27 VUs) 1-6
2026-01-08 18:01:17,931 INFO o.a.j.t.JMeterThread: Stopping: Patient Users (27 VUs) 1-21
2026-01-08 18:01:17,931 INFO o.a.j.t.JMeterThread: Stopping: Patient Users (27 VUs) 1-20
2026-01-08 18:01:17,931 INFO o.a.j.t.JMeterThread: Stopping: Patient Users (27 VUs) 1-5
2026-01-08 18:01:17,931 INFO o.a.j.t.JMeterThread: Stopping: Patient Users (27 VUs) 1-1
2026-01-08 18:01:17,931 INFO o.a.j.t.JMeterThread: Stopping: Patient Users (27 VUs) 1-10
2026-01-08 18:01:17,931 INFO o.a.j.t.JMeterThread: Stopping: Patient Users (27 VUs) 1-3
2026-01-08 18:01:17,931 INFO o.a.j.t.JMeterThread: Stopping: Patient Users (27 VUs) 1-15
2026-01-08 18:01:17,931 INFO o.a.j.t.JMeterThread: Stopping: Patient Users (27 VUs) 1-17
2026-01-08 18:01:17,931 INFO o.a.j.t.JMeterThread: Stopping: Patient Users (27 VUs) 1-4
2026-01-08 18:01:17,931 INFO o.a.j.t.JMeterThread: Stopping: Patient Users (27 VUs) 1-12
2026-01-08 18:01:17,931 INFO o.a.j.t.JMeterThread: Stopping: Patient Users (27 VUs) 1-11
2026-01-08 18:01:17,931 INFO o.a.j.t.JMeterThread: Stopping: Patient Users (27 VUs) 1-14
2026-01-08 18:01:17,931 INFO o.a.j.t.JMeterThread: Stopping: Patient Users (27 VUs) 1-16
2026-01-08 18:01:17,931 INFO o.a.j.t.JMeterThread: Stopping: Patient Users (27 VUs) 1-2
2026-01-08 18:01:17,931 INFO o.a.j.t.JMeterThread: Stopping: Patient Users (27 VUs) 1-25
2026-01-08 18:01:17,931 WARN o.a.j.t.JMeterThread: The delay timer was interrupted - probably did not wait as long as intended.
2026-01-08 18:01:17,931 INFO o.a.j.t.JMeterThread: Stopping: Doctor Users (9 VUs) 2-4
2026-01-08 18:01:17,931 INFO o.a.j.t.JMeterThread: Stopping: Doctor Users (9 VUs) 2-1
2026-01-08 18:01:17,931 INFO o.a.j.t.JMeterThread: Stopping: Doctor Users (9 VUs) 2-8
2026-01-08 18:01:17,931 INFO o.a.j.t.JMeterThread: Stopping: Doctor Users (9 VUs) 2-2
2026-01-08 18:01:17,931 INFO o.a.j.t.JMeterThread: Stopping: Doctor Users (9 VUs) 2-5
2026-01-08 18:01:17,931 INFO o.a.j.t.JMeterThread: Thread started: Patient Users (27 VUs) 1-9
2026-01-08 18:01:17,931 WARN o.a.j.t.JMeterThread: The delay timer was interrupted - probably did not wait as long as intended.
2026-01-08 18:01:17,931 INFO o.a.j.t.JMeterThread: Stopping: Doctor Users (9 VUs) 2-6
2026-01-08 18:01:17,931 INFO o.a.j.t.JMeterThread: Thread finished: Patient Users (27 VUs) 1-6
2026-01-08 18:01:17,931 INFO o.a.j.t.JMeterThread: Thread started: Patient Users (27 VUs) 1-21
2026-01-08 18:01:17,931 INFO o.a.j.t.JMeterThread: Thread finished: Doctor Users (9 VUs) 2-1
2026-01-08 18:01:17,931 INFO o.a.j.t.JMeterThread: Thread started: Patient Users (27 VUs) 1-11
2026-01-08 18:01:17,931 INFO o.a.j.t.JMeterThread: Thread started: Patient Users (27 VUs) 1-23
2026-01-08 18:01:17,931 WARN o.a.j.t.JMeterThread: The delay timer was interrupted - probably did not wait as long as intended.
2026-01-08 18:01:17,931 INFO o.a.j.t.JMeterThread: Thread started: Patient Users (27 VUs) 1-27
2026-01-08 18:01:17,931 INFO o.a.j.t.JMeterThread: Thread started: Patient Users (27 VUs) 1-15
2026-01-08 18:01:17,931 INFO o.a.j.t.JMeterThread: Thread started: Patient Users (27 VUs) 1-22
2026-01-08 18:01:17,931 INFO o.a.j.t.JMeterThread: Thread finished: Patient Users (27 VUs) 1-7
2026-01-08 18:01:17,931 WARN o.a.j.t.JMeterThread: The delay timer was interrupted - probably did not wait as long as intended.
2026-01-08 18:01:17,931 WARN o.a.j.t.JMeterThread: The delay timer was interrupted - probably did not wait as long as intended.
2026-01-08 18:01:17,931 INFO o.a.j.t.JMeterThread: Thread finished: Patient Users (27 VUs) 1-8
2026-01-08 18:01:17,931 INFO o.a.j.t.JMeterThread: Thread finished: Patient Users (27 VUs) 1-4
2026-01-08 18:01:17,931 INFO o.a.j.t.JMeterThread: Thread started: Patient Users (27 VUs) 1-26
2026-01-08 18:01:17,931 INFO o.a.j.t.JMeterThread: Thread started: Patient Users (27 VUs) 1-13
2026-01-08 18:01:17,931 INFO o.a.j.t.JMeterThread: Stopping: Doctor Users (9 VUs) 2-7
2026-01-08 18:01:17,931 WARN o.a.j.t.JMeterThread: The delay timer was interrupted - probably did not wait as long as intended.
2026-01-08 18:01:17,931 INFO o.a.j.t.JMeterThread: Thread started: Patient Users (27 VUs) 1-14
2026-01-08 18:01:17,931 INFO o.a.j.t.JMeterThread: Thread started: Patient Users (27 VUs) 1-24
2026-01-08 18:01:17,931 INFO o.a.j.t.JMeterThread: Thread started: Patient Users (27 VUs) 1-10
2026-01-08 18:01:17,931 INFO o.a.j.t.JMeterThread: Thread started: Patient Users (27 VUs) 1-25
2026-01-08 18:01:17,931 INFO o.a.j.t.JMeterThread: Thread started: Doctor Users (9 VUs) 2-4
2026-01-08 18:01:17,931 WARN o.a.j.t.JMeterThread: The delay timer was interrupted - probably did not wait as long as intended.
2026-01-08 18:01:17,931 INFO o.a.j.t.JMeterThread: Thread started: Doctor Users (9 VUs) 2-8
2026-01-08 18:01:17,931 INFO o.a.j.t.JMeterThread: Thread finished: Doctor Users (9 VUs) 2-2
2026-01-08 18:01:17,931 WARN o.a.j.t.JMeterThread: The delay timer was interrupted - probably did not wait as long as intended.
2026-01-08 18:01:17,931 INFO o.a.j.t.JMeterThread: Thread started: Patient Users (27 VUs) 1-19
2026-01-08 18:01:17,931 INFO o.a.j.t.JMeterThread: Thread started: Doctor Users (9 VUs) 2-6
2026-01-08 18:01:17,931 INFO o.a.j.t.JMeterThread: Thread finished: Patient Users (27 VUs) 1-2
2026-01-08 18:01:17,931 INFO o.a.j.t.JMeterThread: Thread finished: Patient Users (27 VUs) 1-9
2026-01-08 18:01:17,931 INFO o.a.j.t.JMeterThread: Thread started: Patient Users (27 VUs) 1-18
2026-01-08 18:01:17,931 INFO o.a.j.t.JMeterThread: Thread started: Doctor Users (9 VUs) 2-5
2026-01-08 18:01:17,931 INFO o.a.j.t.JMeterThread: Thread finished: Doctor Users (9 VUs) 2-6
2026-01-08 18:01:17,931 INFO o.a.j.t.JMeterThread: Thread finished: Patient Users (27 VUs) 1-5
2026-01-08 18:01:17,933 INFO o.a.j.t.JMeterThread: Thread started: Patient Users (27 VUs) 1-20
2026-01-08 18:01:17,933 INFO o.a.j.t.JMeterThread: Thread finished: Doctor Users (9 VUs) 2-5
2026-01-08 18:01:17,933 WARN o.a.j.t.JMeterThread: The delay timer was interrupted - probably did not wait as long as intended.
2026-01-08 18:01:17,933 INFO o.a.j.t.JMeterThread: Thread started: Patient Users (27 VUs) 1-12
2026-01-08 18:01:17,933 INFO o.a.j.t.JMeterThread: Thread finished: Doctor Users (9 VUs) 2-4
2026-01-08 18:01:17,933 INFO o.a.j.t.JMeterThread: Thread finished: Patient Users (27 VUs) 1-24
2026-01-08 18:01:17,933 INFO o.a.j.t.JMeterThread: Stopping: Doctor Users (9 VUs) 2-3
2026-01-08 18:01:17,933 INFO o.a.j.t.JMeterThread: Thread finished: Patient Users (27 VUs) 1-3
2026-01-08 18:01:17,933 INFO o.a.j.t.JMeterThread: Thread finished: Patient Users (27 VUs) 1-25
2026-01-08 18:01:17,933 WARN o.a.j.t.JMeterThread: The delay timer was interrupted - probably did not wait as long as intended.
2026-01-08 18:01:17,933 INFO o.a.j.t.JMeterThread: Thread finished: Doctor Users (9 VUs) 2-8
2026-01-08 18:01:17,933 INFO o.a.j.t.JMeterThread: Thread started: Doctor Users (9 VUs) 2-7
2026-01-08 18:01:17,933 INFO o.a.j.t.JMeterThread: Thread finished: Doctor Users (9 VUs) 2-3
2026-01-08 18:01:17,933 INFO o.a.j.t.JMeterThread: Thread finished: Patient Users (27 VUs) 1-14
2026-01-08 18:01:17,933 WARN o.a.j.t.JMeterThread: The delay timer was interrupted - probably did not wait as long as intended.
2026-01-08 18:01:17,933 INFO o.a.j.t.JMeterThread: Thread finished: Doctor Users (9 VUs) 2-7
2026-01-08 18:01:17,931 INFO o.a.j.t.JMeterThread: Thread started: Patient Users (27 VUs) 1-16
2026-01-08 18:01:17,933 INFO o.a.j.t.JMeterThread: Thread finished: Patient Users (27 VUs) 1-1
2026-01-08 18:01:17,933 INFO o.a.j.t.JMeterThread: Stopping: Doctor Users (9 VUs) 2-9
2026-01-08 18:01:17,933 INFO o.a.j.t.JMeterThread: Thread started: Patient Users (27 VUs) 1-17
2026-01-08 18:01:17,933 INFO o.a.j.t.JMeterThread: Stopping: Nurse Users (7 VUs) 3-7
2026-01-08 18:01:17,933 INFO o.a.j.t.JMeterThread: Stopping: Nurse Users (7 VUs) 3-2
2026-01-08 18:01:17,933 INFO o.a.j.t.JMeterThread: Stopping: Nurse Users (7 VUs) 3-5
2026-01-08 18:01:17,933 INFO o.a.j.t.JMeterThread: Stopping: Nurse Users (7 VUs) 3-1
2026-01-08 18:01:17,933 INFO o.a.j.t.JMeterThread: Stopping: Nurse Users (7 VUs) 3-3
2026-01-08 18:01:17,933 INFO o.a.j.t.JMeterThread: Stopping: Nurse Users (7 VUs) 3-4
2026-01-08 18:01:17,933 INFO o.a.j.t.JMeterThread: Stopping: Nurse Users (7 VUs) 3-6
2026-01-08 18:01:17,933 INFO o.a.j.t.JMeterThread: Thread started: Doctor Users (9 VUs) 2-9
2026-01-08 18:01:17,933 INFO o.a.j.t.JMeterThread: Stopping: Receptionist Users (6 VUs) 4-2
2026-01-08 18:01:17,934 INFO o.a.j.t.JMeterThread: Stopping: Receptionist Users (6 VUs) 4-5
2026-01-08 18:01:17,934 INFO o.a.j.t.JMeterThread: Stopping: Receptionist Users (6 VUs) 4-3
2026-01-08 18:01:17,934 INFO o.a.j.t.JMeterThread: Stopping: Receptionist Users (6 VUs) 4-4
2026-01-08 18:01:17,934 INFO o.a.j.t.JMeterThread: Stopping: Receptionist Users (6 VUs) 4-6
2026-01-08 18:01:17,934 INFO o.a.j.t.JMeterThread: Stopping: Receptionist Users (6 VUs) 4-1
2026-01-08 18:01:17,934 INFO o.a.j.t.JMeterThread: Thread started: Nurse Users (7 VUs) 3-7
2026-01-08 18:01:17,934 INFO o.a.j.t.JMeterThread: Stopping: Admin User (1 VU) 5-1
2026-01-08 18:01:17,934 INFO o.a.j.t.JMeterThread: Thread started: Nurse Users (7 VUs) 3-3
2026-01-08 18:01:17,934 INFO o.a.j.t.JMeterThread: Thread started: Receptionist Users (6 VUs) 4-2
2026-01-08 18:01:17,934 INFO o.a.j.t.JMeterThread: Thread started: Nurse Users (7 VUs) 3-5
2026-01-08 18:01:17,934 INFO o.a.j.t.JMeterThread: Thread started: Receptionist Users (6 VUs) 4-5
2026-01-08 18:01:17,934 INFO o.a.j.t.JMeterThread: Thread started: Nurse Users (7 VUs) 3-6
2026-01-08 18:01:17,934 INFO o.a.j.t.JMeterThread: Thread started: Nurse Users (7 VUs) 3-4
2026-01-08 18:01:17,934 INFO o.a.j.t.JMeterThread: Thread started: Receptionist Users (6 VUs) 4-3
2026-01-08 18:01:17,934 INFO o.a.j.t.JMeterThread: Thread started: Nurse Users (7 VUs) 3-1
2026-01-08 18:01:17,934 INFO o.a.j.t.JMeterThread: Thread started: Nurse Users (7 VUs) 3-2
2026-01-08 18:01:17,934 INFO o.a.j.t.JMeterThread: Thread started: Receptionist Users (6 VUs) 4-6
2026-01-08 18:01:17,934 INFO o.a.j.t.JMeterThread: Thread started: Receptionist Users (6 VUs) 4-4
2026-01-08 18:01:17,934 INFO o.a.j.t.JMeterThread: Thread started: Admin User (1 VU) 5-1
2026-01-08 18:01:17,934 INFO o.a.j.t.JMeterThread: Thread started: Receptionist Users (6 VUs) 4-1
2026-01-08 18:01:17,935 INFO o.a.j.t.JMeterThread: Thread finished: Patient Users (27 VUs) 1-13
2026-01-08 18:01:17,934 INFO o.a.j.t.JMeterThread: Thread finished: Patient Users (27 VUs) 1-10
2026-01-08 18:01:17,935 INFO o.a.j.t.JMeterThread: Thread finished: Patient Users (27 VUs) 1-26
2026-01-08 18:01:17,936 INFO o.a.j.t.JMeterThread: Thread finished: Patient Users (27 VUs) 1-15
2026-01-08 18:01:17,936 INFO o.a.j.t.JMeterThread: Thread finished: Patient Users (27 VUs) 1-22
2026-01-08 18:01:17,936 INFO o.a.j.t.JMeterThread: Thread finished: Patient Users (27 VUs) 1-27
2026-01-08 18:01:17,936 INFO o.a.j.t.JMeterThread: Thread finished: Patient Users (27 VUs) 1-23
2026-01-08 18:01:17,936 INFO o.a.j.t.JMeterThread: Thread finished: Patient Users (27 VUs) 1-11
2026-01-08 18:01:17,936 INFO o.a.j.t.JMeterThread: Thread finished: Patient Users (27 VUs) 1-21
2026-01-08 18:01:17,937 INFO o.a.j.t.JMeterThread: Thread finished: Receptionist Users (6 VUs) 4-1
2026-01-08 18:01:17,937 INFO o.a.j.t.JMeterThread: Thread finished: Admin User (1 VU) 5-1
2026-01-08 18:01:17,937 INFO o.a.j.t.JMeterThread: Thread finished: Nurse Users (7 VUs) 3-2
2026-01-08 18:01:17,937 INFO o.a.j.t.JMeterThread: Thread finished: Receptionist Users (6 VUs) 4-4
2026-01-08 18:01:17,937 INFO o.a.j.t.JMeterThread: Thread finished: Receptionist Users (6 VUs) 4-6
2026-01-08 18:01:17,938 INFO o.a.j.t.JMeterThread: Thread finished: Receptionist Users (6 VUs) 4-3
2026-01-08 18:01:17,938 INFO o.a.j.t.JMeterThread: Thread finished: Nurse Users (7 VUs) 3-6
2026-01-08 18:01:17,938 INFO o.a.j.t.JMeterThread: Thread finished: Nurse Users (7 VUs) 3-1
2026-01-08 18:01:17,939 INFO o.a.j.t.JMeterThread: Thread finished: Receptionist Users (6 VUs) 4-5
2026-01-08 18:01:17,938 INFO o.a.j.t.JMeterThread: Thread finished: Nurse Users (7 VUs) 3-4
2026-01-08 18:01:17,939 INFO o.a.j.t.JMeterThread: Thread finished: Nurse Users (7 VUs) 3-5
2026-01-08 18:01:17,939 INFO o.a.j.t.JMeterThread: Thread finished: Receptionist Users (6 VUs) 4-2
2026-01-08 18:01:17,939 INFO o.a.j.t.JMeterThread: Thread finished: Nurse Users (7 VUs) 3-7
2026-01-08 18:01:17,939 INFO o.a.j.t.JMeterThread: Thread finished: Doctor Users (9 VUs) 2-9
2026-01-08 18:01:17,939 INFO o.a.j.t.JMeterThread: Thread finished: Nurse Users (7 VUs) 3-3
2026-01-08 18:01:17,939 INFO o.a.j.t.JMeterThread: Thread finished: Patient Users (27 VUs) 1-17
2026-01-08 18:01:17,939 INFO o.a.j.t.JMeterThread: Thread finished: Patient Users (27 VUs) 1-16
2026-01-08 18:01:17,940 INFO o.a.j.t.JMeterThread: Thread finished: Patient Users (27 VUs) 1-12
2026-01-08 18:01:17,940 INFO o.a.j.t.JMeterThread: Thread finished: Patient Users (27 VUs) 1-20
2026-01-08 18:01:17,940 INFO o.a.j.t.JMeterThread: Thread finished: Patient Users (27 VUs) 1-18
2026-01-08 18:01:17,940 INFO o.a.j.t.JMeterThread: Thread finished: Patient Users (27 VUs) 1-19
2026-01-08 18:01:17,940 INFO o.a.j.e.StandardJMeterEngine: Notifying test listeners of end of test
2026-01-08 18:01:17,940 INFO o.a.j.s.FileServer: Close: d:\1_Hoc_Tap\1_1_Dai_Hoc\Tai_lieu_ki_1_nam_3\CongNghePhanMemChuyenSau\HMS-total\HMS_Backend\infrastructure\jmeter\data/doctor_credentials.csv
2026-01-08 18:01:17,940 INFO o.a.j.s.FileServer: Close: d:\1_Hoc_Tap\1_1_Dai_Hoc\Tai_lieu_ki_1_nam_3\CongNghePhanMemChuyenSau\HMS-total\HMS_Backend\infrastructure\jmeter\data/patient_credentials.csv
2026-01-08 18:01:17,940 INFO o.a.j.g.u.JMeterMenuBar: setRunning(false, *local*)
2026-01-08 18:02:34,544 INFO o.a.j.e.StandardJMeterEngine: Running the test!
2026-01-08 18:02:34,544 INFO o.a.j.s.SampleEvent: List of sample_variables: []
2026-01-08 18:02:34,546 INFO o.a.j.g.u.JMeterMenuBar: setRunning(true, *local*)
2026-01-08 18:02:34,574 INFO o.a.j.e.StandardJMeterEngine: Starting ThreadGroup: 1 : Patient Users (27 VUs)
2026-01-08 18:02:34,574 INFO o.a.j.e.StandardJMeterEngine: Starting 27 threads for group Patient Users (27 VUs).
2026-01-08 18:02:34,574 INFO o.a.j.e.StandardJMeterEngine: Thread will continue on error
2026-01-08 18:02:34,574 INFO o.a.j.t.ThreadGroup: Starting thread group... number=1 threads=27 ramp-up=30 delayedStart=false
2026-01-08 18:02:34,578 INFO o.a.j.t.JMeterThread: Thread started: Patient Users (27 VUs) 1-1
2026-01-08 18:02:34,578 INFO o.a.j.s.FileServer: Stored: d:\1_Hoc_Tap\1_1_Dai_Hoc\Tai_lieu_ki_1_nam_3\CongNghePhanMemChuyenSau\HMS-total\HMS_Backend\infrastructure\jmeter\data/patient_credentials.csv
2026-01-08 18:02:34,583 INFO o.a.j.t.ThreadGroup: Started thread group number 1
2026-01-08 18:02:34,584 INFO o.a.j.e.StandardJMeterEngine: Starting ThreadGroup: 2 : Doctor Users (9 VUs)
2026-01-08 18:02:34,584 INFO o.a.j.e.StandardJMeterEngine: Starting 9 threads for group Doctor Users (9 VUs).
2026-01-08 18:02:34,584 INFO o.a.j.e.StandardJMeterEngine: Thread will continue on error
2026-01-08 18:02:34,584 INFO o.a.j.t.ThreadGroup: Starting thread group... number=2 threads=9 ramp-up=15 delayedStart=false
2026-01-08 18:02:34,587 INFO o.a.j.t.ThreadGroup: Started thread group number 2
2026-01-08 18:02:34,587 INFO o.a.j.e.StandardJMeterEngine: Starting ThreadGroup: 3 : Nurse Users (7 VUs)
2026-01-08 18:02:34,587 INFO o.a.j.e.StandardJMeterEngine: Starting 7 threads for group Nurse Users (7 VUs).
2026-01-08 18:02:34,587 INFO o.a.j.e.StandardJMeterEngine: Thread will continue on error
2026-01-08 18:02:34,587 INFO o.a.j.t.ThreadGroup: Starting thread group... number=3 threads=7 ramp-up=15 delayedStart=false
2026-01-08 18:02:34,589 INFO o.a.j.t.ThreadGroup: Started thread group number 3
2026-01-08 18:02:34,589 INFO o.a.j.e.StandardJMeterEngine: Starting ThreadGroup: 4 : Receptionist Users (6 VUs)
2026-01-08 18:02:34,589 INFO o.a.j.e.StandardJMeterEngine: Starting 6 threads for group Receptionist Users (6 VUs).
2026-01-08 18:02:34,589 INFO o.a.j.e.StandardJMeterEngine: Thread will continue on error
2026-01-08 18:02:34,589 INFO o.a.j.t.ThreadGroup: Starting thread group... number=4 threads=6 ramp-up=15 delayedStart=false
2026-01-08 18:02:34,590 INFO o.a.j.t.ThreadGroup: Started thread group number 4
2026-01-08 18:02:34,591 INFO o.a.j.e.StandardJMeterEngine: Starting ThreadGroup: 5 : Admin User (1 VU)
2026-01-08 18:02:34,591 INFO o.a.j.e.StandardJMeterEngine: Starting 1 threads for group Admin User (1 VU).
2026-01-08 18:02:34,591 INFO o.a.j.e.StandardJMeterEngine: Thread will continue on error
2026-01-08 18:02:34,591 INFO o.a.j.t.ThreadGroup: Starting thread group... number=5 threads=1 ramp-up=5 delayedStart=false
2026-01-08 18:02:34,591 INFO o.a.j.t.ThreadGroup: Started thread group number 5
2026-01-08 18:02:34,592 INFO o.a.j.e.StandardJMeterEngine: All thread groups have been started
2026-01-08 18:02:35,686 INFO o.a.j.t.JMeterThread: Thread started: Patient Users (27 VUs) 1-2
2026-01-08 18:02:36,796 INFO o.a.j.t.JMeterThread: Thread started: Patient Users (27 VUs) 1-3
2026-01-08 18:02:37,909 INFO o.a.j.t.JMeterThread: Thread started: Patient Users (27 VUs) 1-4
2026-01-08 18:02:39,019 INFO o.a.j.t.JMeterThread: Thread started: Patient Users (27 VUs) 1-5
2026-01-08 18:02:39,584 INFO o.a.j.t.JMeterThread: Thread started: Doctor Users (9 VUs) 2-1
2026-01-08 18:02:39,584 INFO o.a.j.s.FileServer: Stored: d:\1_Hoc_Tap\1_1_Dai_Hoc\Tai_lieu_ki_1_nam_3\CongNghePhanMemChuyenSau\HMS-total\HMS_Backend\infrastructure\jmeter\data/doctor_credentials.csv
2026-01-08 18:02:40,131 INFO o.a.j.t.JMeterThread: Thread started: Patient Users (27 VUs) 1-6
2026-01-08 18:02:41,242 INFO o.a.j.t.JMeterThread: Thread started: Patient Users (27 VUs) 1-7
2026-01-08 18:02:41,252 INFO o.a.j.t.JMeterThread: Thread started: Doctor Users (9 VUs) 2-2
2026-01-08 18:02:42,352 INFO o.a.j.t.JMeterThread: Thread started: Patient Users (27 VUs) 1-8
2026-01-08 18:02:42,919 INFO o.a.j.t.JMeterThread: Thread started: Doctor Users (9 VUs) 2-3
2026-01-08 18:02:43,464 INFO o.a.j.t.JMeterThread: Thread started: Patient Users (27 VUs) 1-9
2026-01-08 18:02:44,573 INFO o.a.j.t.JMeterThread: Thread started: Patient Users (27 VUs) 1-10
2026-01-08 18:02:44,588 INFO o.a.j.t.JMeterThread: Thread started: Nurse Users (7 VUs) 3-1
2026-01-08 18:02:44,588 INFO o.a.j.s.FileServer: Stored: d:\1_Hoc_Tap\1_1_Dai_Hoc\Tai_lieu_ki_1_nam_3\CongNghePhanMemChuyenSau\HMS-total\HMS_Backend\infrastructure\jmeter\data/nurse_credentials.csv
2026-01-08 18:02:44,588 INFO o.a.j.t.JMeterThread: Thread started: Doctor Users (9 VUs) 2-4
2026-01-08 18:02:45,685 INFO o.a.j.t.JMeterThread: Thread started: Patient Users (27 VUs) 1-11
2026-01-08 18:02:46,252 INFO o.a.j.t.JMeterThread: Thread started: Doctor Users (9 VUs) 2-5
2026-01-08 18:02:46,732 INFO o.a.j.t.JMeterThread: Thread started: Nurse Users (7 VUs) 3-2
2026-01-08 18:02:46,796 INFO o.a.j.t.JMeterThread: Thread started: Patient Users (27 VUs) 1-12
2026-01-08 18:02:47,907 INFO o.a.j.t.JMeterThread: Thread started: Patient Users (27 VUs) 1-13
2026-01-08 18:02:47,920 INFO o.a.j.t.JMeterThread: Thread started: Doctor Users (9 VUs) 2-6
2026-01-08 18:02:48,874 INFO o.a.j.t.JMeterThread: Thread started: Nurse Users (7 VUs) 3-3
2026-01-08 18:02:49,018 INFO o.a.j.t.JMeterThread: Thread started: Patient Users (27 VUs) 1-14
2026-01-08 18:02:49,587 INFO o.a.j.t.JMeterThread: Thread started: Doctor Users (9 VUs) 2-7
2026-01-08 18:02:49,590 INFO o.a.j.t.JMeterThread: Thread started: Receptionist Users (6 VUs) 4-1
2026-01-08 18:02:49,590 INFO o.a.j.s.FileServer: Stored: d:\1_Hoc_Tap\1_1_Dai_Hoc\Tai_lieu_ki_1_nam_3\CongNghePhanMemChuyenSau\HMS-total\HMS_Backend\infrastructure\jmeter\data/receptionist_credentials.csv
2026-01-08 18:02:50,129 INFO o.a.j.t.JMeterThread: Thread started: Patient Users (27 VUs) 1-15
2026-01-08 18:02:51,016 INFO o.a.j.t.JMeterThread: Thread started: Nurse Users (7 VUs) 3-4
2026-01-08 18:02:51,243 INFO o.a.j.t.JMeterThread: Thread started: Patient Users (27 VUs) 1-16
2026-01-08 18:02:51,259 INFO o.a.j.t.JMeterThread: Thread started: Doctor Users (9 VUs) 2-8
2026-01-08 18:02:52,091 INFO o.a.j.t.JMeterThread: Thread started: Receptionist Users (6 VUs) 4-2
2026-01-08 18:02:52,352 INFO o.a.j.t.JMeterThread: Thread started: Patient Users (27 VUs) 1-17
2026-01-08 18:02:52,922 INFO o.a.j.t.JMeterThread: Thread started: Doctor Users (9 VUs) 2-9
2026-01-08 18:02:53,160 INFO o.a.j.t.JMeterThread: Thread started: Nurse Users (7 VUs) 3-5
2026-01-08 18:02:53,462 INFO o.a.j.t.JMeterThread: Thread started: Patient Users (27 VUs) 1-18
2026-01-08 18:02:54,575 INFO o.a.j.t.JMeterThread: Thread started: Patient Users (27 VUs) 1-19
2026-01-08 18:02:54,590 INFO o.a.j.t.JMeterThread: Thread started: Receptionist Users (6 VUs) 4-3
2026-01-08 18:02:54,591 INFO o.a.j.t.JMeterThread: Thread started: Admin User (1 VU) 5-1
2026-01-08 18:02:55,302 INFO o.a.j.t.JMeterThread: Thread started: Nurse Users (7 VUs) 3-6
2026-01-08 18:02:55,684 INFO o.a.j.t.JMeterThread: Thread started: Patient Users (27 VUs) 1-20
2026-01-08 18:02:56,797 INFO o.a.j.t.JMeterThread: Thread started: Patient Users (27 VUs) 1-21
2026-01-08 18:02:57,090 INFO o.a.j.t.JMeterThread: Thread started: Receptionist Users (6 VUs) 4-4
2026-01-08 18:02:57,446 INFO o.a.j.t.JMeterThread: Thread started: Nurse Users (7 VUs) 3-7
2026-01-08 18:02:57,909 INFO o.a.j.t.JMeterThread: Thread started: Patient Users (27 VUs) 1-22
2026-01-08 18:02:59,018 INFO o.a.j.t.JMeterThread: Thread started: Patient Users (27 VUs) 1-23
2026-01-08 18:02:59,590 INFO o.a.j.t.JMeterThread: Thread started: Receptionist Users (6 VUs) 4-5
2026-01-08 18:03:00,129 INFO o.a.j.t.JMeterThread: Thread started: Patient Users (27 VUs) 1-24
2026-01-08 18:03:01,240 INFO o.a.j.t.JMeterThread: Thread started: Patient Users (27 VUs) 1-25
2026-01-08 18:03:02,091 INFO o.a.j.t.JMeterThread: Thread started: Receptionist Users (6 VUs) 4-6
2026-01-08 18:03:02,349 INFO o.a.j.t.JMeterThread: Thread started: Patient Users (27 VUs) 1-26
2026-01-08 18:03:03,461 INFO o.a.j.t.JMeterThread: Thread started: Patient Users (27 VUs) 1-27
2026-01-08 18:03:07,956 INFO o.a.j.g.a.Start: Stopping test
2026-01-08 18:03:07,962 INFO o.a.j.t.JMeterThread: Stopping: Patient Users (27 VUs) 1-22
2026-01-08 18:03:07,962 INFO o.a.j.t.JMeterThread: Stopping: Patient Users (27 VUs) 1-8
2026-01-08 18:03:07,962 INFO o.a.j.t.JMeterThread: Stopping: Patient Users (27 VUs) 1-1
2026-01-08 18:03:07,962 INFO o.a.j.t.JMeterThread: Stopping: Patient Users (27 VUs) 1-2
2026-01-08 18:03:07,962 WARN o.a.j.t.JMeterThread: The delay timer was interrupted - probably did not wait as long as intended.
2026-01-08 18:03:07,962 WARN o.a.j.t.JMeterThread: The delay timer was interrupted - probably did not wait as long as intended.
2026-01-08 18:03:07,962 INFO o.a.j.t.JMeterThread: Stopping: Patient Users (27 VUs) 1-15
2026-01-08 18:03:07,962 WARN o.a.j.t.JMeterThread: The delay timer was interrupted - probably did not wait as long as intended.
2026-01-08 18:03:07,962 INFO o.a.j.t.JMeterThread: Stopping: Patient Users (27 VUs) 1-10
2026-01-08 18:03:07,962 INFO o.a.j.t.JMeterThread: Thread finished: Patient Users (27 VUs) 1-22
2026-01-08 18:03:07,962 INFO o.a.j.t.JMeterThread: Stopping: Patient Users (27 VUs) 1-9
2026-01-08 18:03:07,962 INFO o.a.j.t.JMeterThread: Thread finished: Patient Users (27 VUs) 1-8
2026-01-08 18:03:07,962 INFO o.a.j.t.JMeterThread: Thread finished: Patient Users (27 VUs) 1-1
2026-01-08 18:03:07,962 INFO o.a.j.t.JMeterThread: Stopping: Patient Users (27 VUs) 1-7
2026-01-08 18:03:07,962 WARN o.a.j.t.JMeterThread: The delay timer was interrupted - probably did not wait as long as intended.
2026-01-08 18:03:07,962 WARN o.a.j.t.JMeterThread: The delay timer was interrupted - probably did not wait as long as intended.
2026-01-08 18:03:07,962 INFO o.a.j.t.JMeterThread: Thread finished: Patient Users (27 VUs) 1-2
2026-01-08 18:03:07,962 WARN o.a.j.t.JMeterThread: The delay timer was interrupted - probably did not wait as long as intended.
2026-01-08 18:03:07,962 WARN o.a.j.t.JMeterThread: The delay timer was interrupted - probably did not wait as long as intended.
2026-01-08 18:03:07,962 WARN o.a.j.t.JMeterThread: The delay timer was interrupted - probably did not wait as long as intended.
2026-01-08 18:03:07,962 INFO o.a.j.t.JMeterThread: Thread finished: Patient Users (27 VUs) 1-9
2026-01-08 18:03:07,962 INFO o.a.j.t.JMeterThread: Stopping: Patient Users (27 VUs) 1-14
2026-01-08 18:03:07,962 INFO o.a.j.t.JMeterThread: Thread finished: Patient Users (27 VUs) 1-10
2026-01-08 18:03:07,962 INFO o.a.j.t.JMeterThread: Thread finished: Patient Users (27 VUs) 1-15
2026-01-08 18:03:07,963 WARN o.a.j.t.JMeterThread: The delay timer was interrupted - probably did not wait as long as intended.
2026-01-08 18:03:07,963 INFO o.a.j.t.JMeterThread: Stopping: Patient Users (27 VUs) 1-24
2026-01-08 18:03:07,963 INFO o.a.j.t.JMeterThread: Thread finished: Patient Users (27 VUs) 1-7
2026-01-08 18:03:07,963 INFO o.a.j.t.JMeterThread: Thread finished: Patient Users (27 VUs) 1-14
2026-01-08 18:03:07,963 WARN o.a.j.t.JMeterThread: The delay timer was interrupted - probably did not wait as long as intended.
2026-01-08 18:03:07,963 INFO o.a.j.t.JMeterThread: Thread finished: Patient Users (27 VUs) 1-24
2026-01-08 18:03:07,963 INFO o.a.j.t.JMeterThread: Stopping: Patient Users (27 VUs) 1-17
2026-01-08 18:03:07,963 INFO o.a.j.t.JMeterThread: Stopping: Patient Users (27 VUs) 1-23
2026-01-08 18:03:07,963 INFO o.a.j.t.JMeterThread: Stopping: Patient Users (27 VUs) 1-4
2026-01-08 18:03:07,963 WARN o.a.j.t.JMeterThread: The delay timer was interrupted - probably did not wait as long as intended.
2026-01-08 18:03:07,963 INFO o.a.j.t.JMeterThread: Stopping: Patient Users (27 VUs) 1-6
2026-01-08 18:03:07,963 WARN o.a.j.t.JMeterThread: The delay timer was interrupted - probably did not wait as long as intended.
2026-01-08 18:03:07,963 INFO o.a.j.t.JMeterThread: Stopping: Patient Users (27 VUs) 1-21
2026-01-08 18:03:07,963 WARN o.a.j.t.JMeterThread: The delay timer was interrupted - probably did not wait as long as intended.
2026-01-08 18:03:07,963 INFO o.a.j.t.JMeterThread: Thread finished: Patient Users (27 VUs) 1-6
2026-01-08 18:03:07,963 WARN o.a.j.t.JMeterThread: The delay timer was interrupted - probably did not wait as long as intended.
2026-01-08 18:03:07,964 WARN o.a.j.t.JMeterThread: The delay timer was interrupted - probably did not wait as long as intended.
2026-01-08 18:03:07,963 INFO o.a.j.t.JMeterThread: Thread finished: Patient Users (27 VUs) 1-17
2026-01-08 18:03:07,963 INFO o.a.j.t.JMeterThread: Stopping: Patient Users (27 VUs) 1-11
2026-01-08 18:03:07,964 INFO o.a.j.t.JMeterThread: Thread finished: Patient Users (27 VUs) 1-4
2026-01-08 18:03:07,964 INFO o.a.j.t.JMeterThread: Thread finished: Patient Users (27 VUs) 1-23
2026-01-08 18:03:07,964 WARN o.a.j.t.JMeterThread: The delay timer was interrupted - probably did not wait as long as intended.
2026-01-08 18:03:07,964 INFO o.a.j.t.JMeterThread: Stopping: Patient Users (27 VUs) 1-13
2026-01-08 18:03:07,964 INFO o.a.j.t.JMeterThread: Thread finished: Patient Users (27 VUs) 1-21
2026-01-08 18:03:07,964 INFO o.a.j.t.JMeterThread: Stopping: Patient Users (27 VUs) 1-16
2026-01-08 18:03:07,964 WARN o.a.j.t.JMeterThread: The delay timer was interrupted - probably did not wait as long as intended.
2026-01-08 18:03:07,964 INFO o.a.j.t.JMeterThread: Thread finished: Patient Users (27 VUs) 1-11
2026-01-08 18:03:07,965 INFO o.a.j.t.JMeterThread: Thread finished: Patient Users (27 VUs) 1-13
2026-01-08 18:03:07,965 INFO o.a.j.t.JMeterThread: Stopping: Patient Users (27 VUs) 1-20
2026-01-08 18:03:07,965 INFO o.a.j.t.JMeterThread: Stopping: Patient Users (27 VUs) 1-12
2026-01-08 18:03:07,965 WARN o.a.j.t.JMeterThread: The delay timer was interrupted - probably did not wait as long as intended.
2026-01-08 18:03:07,965 INFO o.a.j.t.JMeterThread: Stopping: Patient Users (27 VUs) 1-26
2026-01-08 18:03:07,965 WARN o.a.j.t.JMeterThread: The delay timer was interrupted - probably did not wait as long as intended.
2026-01-08 18:03:07,965 INFO o.a.j.t.JMeterThread: Thread finished: Patient Users (27 VUs) 1-16
2026-01-08 18:03:07,965 INFO o.a.j.t.JMeterThread: Stopping: Patient Users (27 VUs) 1-18
2026-01-08 18:03:07,965 WARN o.a.j.t.JMeterThread: The delay timer was interrupted - probably did not wait as long as intended.
2026-01-08 18:03:07,965 INFO o.a.j.t.JMeterThread: Thread finished: Patient Users (27 VUs) 1-20
2026-01-08 18:03:07,965 WARN o.a.j.t.JMeterThread: The delay timer was interrupted - probably did not wait as long as intended.
2026-01-08 18:03:07,965 INFO o.a.j.t.JMeterThread: Thread finished: Patient Users (27 VUs) 1-12
2026-01-08 18:03:07,965 WARN o.a.j.t.JMeterThread: The delay timer was interrupted - probably did not wait as long as intended.
2026-01-08 18:03:07,965 INFO o.a.j.t.JMeterThread: Stopping: Patient Users (27 VUs) 1-3
2026-01-08 18:03:07,965 INFO o.a.j.t.JMeterThread: Thread finished: Patient Users (27 VUs) 1-26
2026-01-08 18:03:07,965 INFO o.a.j.t.JMeterThread: Stopping: Patient Users (27 VUs) 1-27
2026-01-08 18:03:07,965 INFO o.a.j.t.JMeterThread: Thread finished: Patient Users (27 VUs) 1-18
2026-01-08 18:03:07,965 INFO o.a.j.t.JMeterThread: Stopping: Patient Users (27 VUs) 1-19
2026-01-08 18:03:07,965 WARN o.a.j.t.JMeterThread: The delay timer was interrupted - probably did not wait as long as intended.
2026-01-08 18:03:07,965 WARN o.a.j.t.JMeterThread: The delay timer was interrupted - probably did not wait as long as intended.
2026-01-08 18:03:07,965 INFO o.a.j.t.JMeterThread: Stopping: Patient Users (27 VUs) 1-25
2026-01-08 18:03:07,965 INFO o.a.j.t.JMeterThread: Stopping: Patient Users (27 VUs) 1-5
2026-01-08 18:03:07,965 WARN o.a.j.t.JMeterThread: The delay timer was interrupted - probably did not wait as long as intended.
2026-01-08 18:03:07,965 INFO o.a.j.t.JMeterThread: Thread finished: Patient Users (27 VUs) 1-27
2026-01-08 18:03:07,965 WARN o.a.j.t.JMeterThread: The delay timer was interrupted - probably did not wait as long as intended.
2026-01-08 18:03:07,966 INFO o.a.j.t.JMeterThread: Thread finished: Patient Users (27 VUs) 1-19
2026-01-08 18:03:07,966 INFO o.a.j.t.JMeterThread: Thread finished: Patient Users (27 VUs) 1-25
2026-01-08 18:03:07,965 WARN o.a.j.t.JMeterThread: The delay timer was interrupted - probably did not wait as long as intended.
2026-01-08 18:03:07,965 INFO o.a.j.t.JMeterThread: Stopping: Doctor Users (9 VUs) 2-9
2026-01-08 18:03:07,965 INFO o.a.j.t.JMeterThread: Thread finished: Patient Users (27 VUs) 1-3
2026-01-08 18:03:07,966 INFO o.a.j.t.JMeterThread: Thread finished: Patient Users (27 VUs) 1-5
2026-01-08 18:03:07,966 WARN o.a.j.t.JMeterThread: The delay timer was interrupted - probably did not wait as long as intended.
2026-01-08 18:03:07,966 INFO o.a.j.t.JMeterThread: Thread finished: Doctor Users (9 VUs) 2-9
2026-01-08 18:03:07,966 INFO o.a.j.t.JMeterThread: Stopping: Doctor Users (9 VUs) 2-6
2026-01-08 18:03:07,966 INFO o.a.j.t.JMeterThread: Stopping: Doctor Users (9 VUs) 2-5
2026-01-08 18:03:07,966 INFO o.a.j.t.JMeterThread: Stopping: Doctor Users (9 VUs) 2-1
2026-01-08 18:03:07,966 INFO o.a.j.t.JMeterThread: Stopping: Doctor Users (9 VUs) 2-8
2026-01-08 18:03:07,966 INFO o.a.j.t.JMeterThread: Stopping: Doctor Users (9 VUs) 2-2
2026-01-08 18:03:07,966 INFO o.a.j.t.JMeterThread: Stopping: Doctor Users (9 VUs) 2-4
2026-01-08 18:03:07,966 INFO o.a.j.t.JMeterThread: Stopping: Doctor Users (9 VUs) 2-7
2026-01-08 18:03:07,966 INFO o.a.j.t.JMeterThread: Stopping: Doctor Users (9 VUs) 2-3
2026-01-08 18:03:07,966 INFO o.a.j.t.JMeterThread: Stopping: Nurse Users (7 VUs) 3-3
2026-01-08 18:03:07,966 WARN o.a.j.t.JMeterThread: The delay timer was interrupted - probably did not wait as long as intended.
2026-01-08 18:03:07,966 WARN o.a.j.t.JMeterThread: The delay timer was interrupted - probably did not wait as long as intended.
2026-01-08 18:03:07,966 WARN o.a.j.t.JMeterThread: The delay timer was interrupted - probably did not wait as long as intended.
2026-01-08 18:03:07,966 WARN o.a.j.t.JMeterThread: The delay timer was interrupted - probably did not wait as long as intended.
2026-01-08 18:03:07,966 INFO o.a.j.t.JMeterThread: Thread finished: Doctor Users (9 VUs) 2-6
2026-01-08 18:03:07,966 INFO o.a.j.t.JMeterThread: Thread finished: Doctor Users (9 VUs) 2-1
2026-01-08 18:03:07,966 WARN o.a.j.t.JMeterThread: The delay timer was interrupted - probably did not wait as long as intended.
2026-01-08 18:03:07,966 WARN o.a.j.t.JMeterThread: The delay timer was interrupted - probably did not wait as long as intended.
2026-01-08 18:03:07,966 INFO o.a.j.t.JMeterThread: Thread finished: Doctor Users (9 VUs) 2-2
2026-01-08 18:03:07,966 INFO o.a.j.t.JMeterThread: Thread finished: Doctor Users (9 VUs) 2-7
2026-01-08 18:03:07,966 INFO o.a.j.t.JMeterThread: Thread finished: Doctor Users (9 VUs) 2-8
2026-01-08 18:03:07,966 WARN o.a.j.t.JMeterThread: The delay timer was interrupted - probably did not wait as long as intended.
2026-01-08 18:03:07,966 WARN o.a.j.t.JMeterThread: The delay timer was interrupted - probably did not wait as long as intended.
2026-01-08 18:03:07,966 WARN o.a.j.t.JMeterThread: The delay timer was interrupted - probably did not wait as long as intended.
2026-01-08 18:03:07,966 INFO o.a.j.t.JMeterThread: Thread finished: Doctor Users (9 VUs) 2-4
2026-01-08 18:03:07,966 INFO o.a.j.t.JMeterThread: Thread finished: Doctor Users (9 VUs) 2-5
2026-01-08 18:03:07,966 INFO o.a.j.t.JMeterThread: Thread finished: Doctor Users (9 VUs) 2-3
2026-01-08 18:03:07,966 INFO o.a.j.t.JMeterThread: Stopping: Nurse Users (7 VUs) 3-1
2026-01-08 18:03:07,967 INFO o.a.j.t.JMeterThread: Stopping: Nurse Users (7 VUs) 3-5
2026-01-08 18:03:07,967 INFO o.a.j.t.JMeterThread: Stopping: Nurse Users (7 VUs) 3-4
2026-01-08 18:03:07,967 INFO o.a.j.t.JMeterThread: Stopping: Nurse Users (7 VUs) 3-6
2026-01-08 18:03:07,967 INFO o.a.j.t.JMeterThread: Stopping: Nurse Users (7 VUs) 3-2
2026-01-08 18:03:07,967 INFO o.a.j.t.JMeterThread: Stopping: Nurse Users (7 VUs) 3-7
2026-01-08 18:03:07,967 INFO o.a.j.t.JMeterThread: Stopping: Receptionist Users (6 VUs) 4-5
2026-01-08 18:03:07,967 INFO o.a.j.t.JMeterThread: Thread finished: Nurse Users (7 VUs) 3-3
2026-01-08 18:03:07,967 INFO o.a.j.t.JMeterThread: Stopping: Receptionist Users (6 VUs) 4-6
2026-01-08 18:03:07,967 WARN o.a.j.t.JMeterThread: The delay timer was interrupted - probably did not wait as long as intended.
2026-01-08 18:03:07,967 WARN o.a.j.t.JMeterThread: The delay timer was interrupted - probably did not wait as long as intended.
2026-01-08 18:03:07,967 WARN o.a.j.t.JMeterThread: The delay timer was interrupted - probably did not wait as long as intended.
2026-01-08 18:03:07,967 WARN o.a.j.t.JMeterThread: The delay timer was interrupted - probably did not wait as long as intended.
2026-01-08 18:03:07,967 WARN o.a.j.t.JMeterThread: The delay timer was interrupted - probably did not wait as long as intended.
2026-01-08 18:03:07,967 INFO o.a.j.t.JMeterThread: Thread finished: Receptionist Users (6 VUs) 4-5
2026-01-08 18:03:07,967 INFO o.a.j.t.JMeterThread: Thread finished: Receptionist Users (6 VUs) 4-6
2026-01-08 18:03:07,967 WARN o.a.j.t.JMeterThread: The delay timer was interrupted - probably did not wait as long as intended.
2026-01-08 18:03:07,967 INFO o.a.j.t.JMeterThread: Thread finished: Nurse Users (7 VUs) 3-2
2026-01-08 18:03:07,967 INFO o.a.j.t.JMeterThread: Thread finished: Nurse Users (7 VUs) 3-1
2026-01-08 18:03:07,967 INFO o.a.j.t.JMeterThread: Stopping: Receptionist Users (6 VUs) 4-1
2026-01-08 18:03:07,967 INFO o.a.j.t.JMeterThread: Stopping: Receptionist Users (6 VUs) 4-4
2026-01-08 18:03:07,967 WARN o.a.j.t.JMeterThread: The delay timer was interrupted - probably did not wait as long as intended.
2026-01-08 18:03:07,967 WARN o.a.j.t.JMeterThread: The delay timer was interrupted - probably did not wait as long as intended.
2026-01-08 18:03:07,967 INFO o.a.j.t.JMeterThread: Stopping: Receptionist Users (6 VUs) 4-2
2026-01-08 18:03:07,967 INFO o.a.j.t.JMeterThread: Stopping: Receptionist Users (6 VUs) 4-3
2026-01-08 18:03:07,967 INFO o.a.j.t.JMeterThread: Thread finished: Nurse Users (7 VUs) 3-6
2026-01-08 18:03:07,967 INFO o.a.j.t.JMeterThread: Thread finished: Nurse Users (7 VUs) 3-5
2026-01-08 18:03:07,967 INFO o.a.j.t.JMeterThread: Stopping: Admin User (1 VU) 5-1
2026-01-08 18:03:07,967 WARN o.a.j.t.JMeterThread: The delay timer was interrupted - probably did not wait as long as intended.
2026-01-08 18:03:07,967 WARN o.a.j.t.JMeterThread: The delay timer was interrupted - probably did not wait as long as intended.
2026-01-08 18:03:07,967 INFO o.a.j.t.JMeterThread: Thread finished: Nurse Users (7 VUs) 3-7
2026-01-08 18:03:07,967 WARN o.a.j.t.JMeterThread: The delay timer was interrupted - probably did not wait as long as intended.
2026-01-08 18:03:07,967 WARN o.a.j.t.JMeterThread: The delay timer was interrupted - probably did not wait as long as intended.
2026-01-08 18:03:07,967 INFO o.a.j.t.JMeterThread: Thread finished: Nurse Users (7 VUs) 3-4
2026-01-08 18:03:07,967 INFO o.a.j.t.JMeterThread: Thread finished: Admin User (1 VU) 5-1
2026-01-08 18:03:07,967 INFO o.a.j.t.JMeterThread: Thread finished: Receptionist Users (6 VUs) 4-1
2026-01-08 18:03:07,967 INFO o.a.j.t.JMeterThread: Thread finished: Receptionist Users (6 VUs) 4-3
2026-01-08 18:03:07,967 INFO o.a.j.t.JMeterThread: Thread finished: Receptionist Users (6 VUs) 4-4
2026-01-08 18:03:07,968 WARN o.a.j.t.JMeterThread: The delay timer was interrupted - probably did not wait as long as intended.
2026-01-08 18:03:07,968 INFO o.a.j.t.JMeterThread: Thread finished: Receptionist Users (6 VUs) 4-2
2026-01-08 18:03:07,968 INFO o.a.j.e.StandardJMeterEngine: Notifying test listeners of end of test
2026-01-08 18:03:07,969 INFO o.a.j.s.FileServer: Close: d:\1_Hoc_Tap\1_1_Dai_Hoc\Tai_lieu_ki_1_nam_3\CongNghePhanMemChuyenSau\HMS-total\HMS_Backend\infrastructure\jmeter\data/nurse_credentials.csv
2026-01-08 18:03:07,969 INFO o.a.j.s.FileServer: Close: d:\1_Hoc_Tap\1_1_Dai_Hoc\Tai_lieu_ki_1_nam_3\CongNghePhanMemChuyenSau\HMS-total\HMS_Backend\infrastructure\jmeter\data/receptionist_credentials.csv
2026-01-08 18:03:07,969 INFO o.a.j.s.FileServer: Close: d:\1_Hoc_Tap\1_1_Dai_Hoc\Tai_lieu_ki_1_nam_3\CongNghePhanMemChuyenSau\HMS-total\HMS_Backend\infrastructure\jmeter\data/doctor_credentials.csv
2026-01-08 18:03:07,969 INFO o.a.j.s.FileServer: Close: d:\1_Hoc_Tap\1_1_Dai_Hoc\Tai_lieu_ki_1_nam_3\CongNghePhanMemChuyenSau\HMS-total\HMS_Backend\infrastructure\jmeter\data/patient_credentials.csv
2026-01-08 18:03:07,969 INFO o.a.j.g.u.JMeterMenuBar: setRunning(false, *local*)
2026-01-08 18:05:17,894 INFO o.a.j.e.StandardJMeterEngine: Running the test!
2026-01-08 18:05:17,895 INFO o.a.j.s.SampleEvent: List of sample_variables: []
2026-01-08 18:05:17,895 INFO o.a.j.g.u.JMeterMenuBar: setRunning(true, *local*)
2026-01-08 18:05:17,930 INFO o.a.j.e.StandardJMeterEngine: Starting ThreadGroup: 1 : Patient Users (27 VUs)
2026-01-08 18:05:17,930 INFO o.a.j.e.StandardJMeterEngine: Starting 27 threads for group Patient Users (27 VUs).
2026-01-08 18:05:17,930 INFO o.a.j.e.StandardJMeterEngine: Thread will continue on error
2026-01-08 18:05:17,930 INFO o.a.j.t.ThreadGroup: Starting thread group... number=1 threads=27 ramp-up=30 delayedStart=false
2026-01-08 18:05:17,931 INFO o.a.j.t.JMeterThread: Thread started: Patient Users (27 VUs) 1-1
2026-01-08 18:05:17,931 INFO o.a.j.s.FileServer: Stored: d:\1_Hoc_Tap\1_1_Dai_Hoc\Tai_lieu_ki_1_nam_3\CongNghePhanMemChuyenSau\HMS-total\HMS_Backend\infrastructure\jmeter\data/patient_credentials.csv
2026-01-08 18:05:17,935 INFO o.a.j.t.ThreadGroup: Started thread group number 1
2026-01-08 18:05:17,935 INFO o.a.j.e.StandardJMeterEngine: Starting ThreadGroup: 2 : Doctor Users (9 VUs)
2026-01-08 18:05:17,935 INFO o.a.j.e.StandardJMeterEngine: Starting 9 threads for group Doctor Users (9 VUs).
2026-01-08 18:05:17,935 INFO o.a.j.e.StandardJMeterEngine: Thread will continue on error
2026-01-08 18:05:17,935 INFO o.a.j.t.ThreadGroup: Starting thread group... number=2 threads=9 ramp-up=15 delayedStart=false
2026-01-08 18:05:17,936 INFO o.a.j.t.ThreadGroup: Started thread group number 2
2026-01-08 18:05:17,936 INFO o.a.j.e.StandardJMeterEngine: Starting ThreadGroup: 3 : Nurse Users (7 VUs)
2026-01-08 18:05:17,936 INFO o.a.j.e.StandardJMeterEngine: Starting 7 threads for group Nurse Users (7 VUs).
2026-01-08 18:05:17,936 INFO o.a.j.e.StandardJMeterEngine: Thread will continue on error
2026-01-08 18:05:17,936 INFO o.a.j.t.ThreadGroup: Starting thread group... number=3 threads=7 ramp-up=15 delayedStart=false
2026-01-08 18:05:17,936 INFO o.a.j.t.ThreadGroup: Started thread group number 3
2026-01-08 18:05:17,936 INFO o.a.j.e.StandardJMeterEngine: Starting ThreadGroup: 4 : Receptionist Users (6 VUs)
2026-01-08 18:05:17,936 INFO o.a.j.e.StandardJMeterEngine: Starting 6 threads for group Receptionist Users (6 VUs).
2026-01-08 18:05:17,936 INFO o.a.j.e.StandardJMeterEngine: Thread will continue on error
2026-01-08 18:05:17,936 INFO o.a.j.t.ThreadGroup: Starting thread group... number=4 threads=6 ramp-up=15 delayedStart=false
2026-01-08 18:05:17,938 INFO o.a.j.t.ThreadGroup: Started thread group number 4
2026-01-08 18:05:17,938 INFO o.a.j.e.StandardJMeterEngine: Starting ThreadGroup: 5 : Admin User (1 VU)
2026-01-08 18:05:17,938 INFO o.a.j.e.StandardJMeterEngine: Starting 1 threads for group Admin User (1 VU).
2026-01-08 18:05:17,938 INFO o.a.j.e.StandardJMeterEngine: Thread will continue on error
2026-01-08 18:05:17,938 INFO o.a.j.t.ThreadGroup: Starting thread group... number=5 threads=1 ramp-up=5 delayedStart=false
2026-01-08 18:05:17,938 INFO o.a.j.t.ThreadGroup: Started thread group number 5
2026-01-08 18:05:17,938 INFO o.a.j.e.StandardJMeterEngine: All thread groups have been started
2026-01-08 18:05:19,041 INFO o.a.j.t.JMeterThread: Thread started: Patient Users (27 VUs) 1-2
2026-01-08 18:05:20,153 INFO o.a.j.t.JMeterThread: Thread started: Patient Users (27 VUs) 1-3
2026-01-08 18:05:21,263 INFO o.a.j.t.JMeterThread: Thread started: Patient Users (27 VUs) 1-4
2026-01-08 18:05:22,375 INFO o.a.j.t.JMeterThread: Thread started: Patient Users (27 VUs) 1-5
2026-01-08 18:05:22,936 INFO o.a.j.t.JMeterThread: Thread started: Doctor Users (9 VUs) 2-1
2026-01-08 18:05:22,936 INFO o.a.j.s.FileServer: Stored: d:\1_Hoc_Tap\1_1_Dai_Hoc\Tai_lieu_ki_1_nam_3\CongNghePhanMemChuyenSau\HMS-total\HMS_Backend\infrastructure\jmeter\data/doctor_credentials.csv
2026-01-08 18:05:23,485 INFO o.a.j.t.JMeterThread: Thread started: Patient Users (27 VUs) 1-6
2026-01-08 18:05:24,597 INFO o.a.j.t.JMeterThread: Thread started: Patient Users (27 VUs) 1-7
2026-01-08 18:05:24,603 INFO o.a.j.t.JMeterThread: Thread started: Doctor Users (9 VUs) 2-2
2026-01-08 18:05:25,710 INFO o.a.j.t.JMeterThread: Thread started: Patient Users (27 VUs) 1-8
2026-01-08 18:05:26,270 INFO o.a.j.t.JMeterThread: Thread started: Doctor Users (9 VUs) 2-3
2026-01-08 18:05:26,821 INFO o.a.j.t.JMeterThread: Thread started: Patient Users (27 VUs) 1-9
2026-01-08 18:05:27,931 INFO o.a.j.t.JMeterThread: Thread started: Patient Users (27 VUs) 1-10
2026-01-08 18:05:27,936 INFO o.a.j.t.JMeterThread: Thread started: Nurse Users (7 VUs) 3-1
2026-01-08 18:05:27,936 INFO o.a.j.s.FileServer: Stored: d:\1_Hoc_Tap\1_1_Dai_Hoc\Tai_lieu_ki_1_nam_3\CongNghePhanMemChuyenSau\HMS-total\HMS_Backend\infrastructure\jmeter\data/nurse_credentials.csv
2026-01-08 18:05:27,938 INFO o.a.j.t.JMeterThread: Thread started: Doctor Users (9 VUs) 2-4
2026-01-08 18:05:29,043 INFO o.a.j.t.JMeterThread: Thread started: Patient Users (27 VUs) 1-11
2026-01-08 18:05:29,604 INFO o.a.j.t.JMeterThread: Thread started: Doctor Users (9 VUs) 2-5
2026-01-08 18:05:30,081 INFO o.a.j.t.JMeterThread: Thread started: Nurse Users (7 VUs) 3-2
2026-01-08 18:05:30,153 INFO o.a.j.t.JMeterThread: Thread started: Patient Users (27 VUs) 1-12
2026-01-08 18:05:31,265 INFO o.a.j.t.JMeterThread: Thread started: Patient Users (27 VUs) 1-13
2026-01-08 18:05:31,272 INFO o.a.j.t.JMeterThread: Thread started: Doctor Users (9 VUs) 2-6
2026-01-08 18:05:32,222 INFO o.a.j.t.JMeterThread: Thread started: Nurse Users (7 VUs) 3-3
2026-01-08 18:05:32,373 INFO o.a.j.t.JMeterThread: Thread started: Patient Users (27 VUs) 1-14
2026-01-08 18:05:32,937 INFO o.a.j.t.JMeterThread: Thread started: Receptionist Users (6 VUs) 4-1
2026-01-08 18:05:32,937 INFO o.a.j.s.FileServer: Stored: d:\1_Hoc_Tap\1_1_Dai_Hoc\Tai_lieu_ki_1_nam_3\CongNghePhanMemChuyenSau\HMS-total\HMS_Backend\infrastructure\jmeter\data/receptionist_credentials.csv
2026-01-08 18:05:32,939 INFO o.a.j.t.JMeterThread: Thread started: Doctor Users (9 VUs) 2-7
2026-01-08 18:05:33,484 INFO o.a.j.t.JMeterThread: Thread started: Patient Users (27 VUs) 1-15
2026-01-08 18:05:34,365 INFO o.a.j.t.JMeterThread: Thread started: Nurse Users (7 VUs) 3-4
2026-01-08 18:05:34,597 INFO o.a.j.t.JMeterThread: Thread started: Patient Users (27 VUs) 1-16
2026-01-08 18:05:34,605 INFO o.a.j.t.JMeterThread: Thread started: Doctor Users (9 VUs) 2-8
2026-01-08 18:05:35,437 INFO o.a.j.t.JMeterThread: Thread started: Receptionist Users (6 VUs) 4-2
2026-01-08 18:05:35,707 INFO o.a.j.t.JMeterThread: Thread started: Patient Users (27 VUs) 1-17
2026-01-08 18:05:36,273 INFO o.a.j.t.JMeterThread: Thread started: Doctor Users (9 VUs) 2-9
2026-01-08 18:05:36,509 INFO o.a.j.t.JMeterThread: Thread started: Nurse Users (7 VUs) 3-5
2026-01-08 18:05:36,819 INFO o.a.j.t.JMeterThread: Thread started: Patient Users (27 VUs) 1-18
2026-01-08 18:05:37,930 INFO o.a.j.t.JMeterThread: Thread started: Patient Users (27 VUs) 1-19
2026-01-08 18:05:37,938 INFO o.a.j.t.JMeterThread: Thread started: Receptionist Users (6 VUs) 4-3
2026-01-08 18:05:37,939 INFO o.a.j.t.JMeterThread: Thread started: Admin User (1 VU) 5-1
2026-01-08 18:05:38,652 INFO o.a.j.t.JMeterThread: Thread started: Nurse Users (7 VUs) 3-6
2026-01-08 18:05:39,041 INFO o.a.j.t.JMeterThread: Thread started: Patient Users (27 VUs) 1-20
2026-01-08 18:05:40,151 INFO o.a.j.t.JMeterThread: Thread started: Patient Users (27 VUs) 1-21
2026-01-08 18:05:40,436 INFO o.a.j.t.JMeterThread: Thread started: Receptionist Users (6 VUs) 4-4
2026-01-08 18:05:40,795 INFO o.a.j.t.JMeterThread: Thread started: Nurse Users (7 VUs) 3-7
2026-01-08 18:05:41,262 INFO o.a.j.t.JMeterThread: Thread started: Patient Users (27 VUs) 1-22
2026-01-08 18:05:42,372 INFO o.a.j.t.JMeterThread: Thread started: Patient Users (27 VUs) 1-23
2026-01-08 18:05:42,938 INFO o.a.j.t.JMeterThread: Thread started: Receptionist Users (6 VUs) 4-5
2026-01-08 18:05:43,484 INFO o.a.j.t.JMeterThread: Thread started: Patient Users (27 VUs) 1-24
2026-01-08 18:05:44,595 INFO o.a.j.t.JMeterThread: Thread started: Patient Users (27 VUs) 1-25
2026-01-08 18:05:45,437 INFO o.a.j.t.JMeterThread: Thread started: Receptionist Users (6 VUs) 4-6
2026-01-08 18:05:45,706 INFO o.a.j.t.JMeterThread: Thread started: Patient Users (27 VUs) 1-26
2026-01-08 18:05:46,819 INFO o.a.j.t.JMeterThread: Thread started: Patient Users (27 VUs) 1-27
2026-01-08 18:06:10,858 INFO o.a.j.g.a.Start: Stopping test
2026-01-08 18:06:10,863 INFO o.a.j.t.JMeterThread: Stopping: Patient Users (27 VUs) 1-25
2026-01-08 18:06:10,864 INFO o.a.j.t.JMeterThread: Stopping: Patient Users (27 VUs) 1-7
2026-01-08 18:06:10,864 INFO o.a.j.t.JMeterThread: Stopping: Patient Users (27 VUs) 1-20
2026-01-08 18:06:10,864 INFO o.a.j.t.JMeterThread: Stopping: Patient Users (27 VUs) 1-12
2026-01-08 18:06:10,864 INFO o.a.j.t.JMeterThread: Stopping: Patient Users (27 VUs) 1-11
2026-01-08 18:06:10,864 INFO o.a.j.t.JMeterThread: Stopping: Patient Users (27 VUs) 1-14
2026-01-08 18:06:10,864 INFO o.a.j.t.JMeterThread: Stopping: Patient Users (27 VUs) 1-5
2026-01-08 18:06:10,864 INFO o.a.j.t.JMeterThread: Stopping: Patient Users (27 VUs) 1-27
2026-01-08 18:06:10,864 INFO o.a.j.t.JMeterThread: Stopping: Patient Users (27 VUs) 1-16
2026-01-08 18:06:10,864 INFO o.a.j.t.JMeterThread: Stopping: Patient Users (27 VUs) 1-9
2026-01-08 18:06:10,864 INFO o.a.j.t.JMeterThread: Stopping: Patient Users (27 VUs) 1-24
2026-01-08 18:06:10,864 INFO o.a.j.t.JMeterThread: Stopping: Patient Users (27 VUs) 1-3
2026-01-08 18:06:10,864 INFO o.a.j.t.JMeterThread: Stopping: Patient Users (27 VUs) 1-21
2026-01-08 18:06:10,864 INFO o.a.j.t.JMeterThread: Stopping: Patient Users (27 VUs) 1-26
2026-01-08 18:06:10,864 INFO o.a.j.t.JMeterThread: Stopping: Patient Users (27 VUs) 1-6
2026-01-08 18:06:10,864 INFO o.a.j.t.JMeterThread: Stopping: Patient Users (27 VUs) 1-17
2026-01-08 18:06:10,864 INFO o.a.j.t.JMeterThread: Stopping: Patient Users (27 VUs) 1-10
2026-01-08 18:06:10,864 INFO o.a.j.t.JMeterThread: Stopping: Patient Users (27 VUs) 1-1
2026-01-08 18:06:10,864 INFO o.a.j.t.JMeterThread: Stopping: Patient Users (27 VUs) 1-19
2026-01-08 18:06:10,864 INFO o.a.j.t.JMeterThread: Stopping: Patient Users (27 VUs) 1-13
2026-01-08 18:06:10,864 WARN o.a.j.t.JMeterThread: The delay timer was interrupted - probably did not wait as long as intended.
2026-01-08 18:06:10,864 WARN o.a.j.t.JMeterThread: The delay timer was interrupted - probably did not wait as long as intended.
2026-01-08 18:06:10,864 WARN o.a.j.t.JMeterThread: The delay timer was interrupted - probably did not wait as long as intended.
2026-01-08 18:06:10,864 WARN o.a.j.t.JMeterThread: The delay timer was interrupted - probably did not wait as long as intended.
2026-01-08 18:06:10,864 WARN o.a.j.t.JMeterThread: The delay timer was interrupted - probably did not wait as long as intended.
2026-01-08 18:06:10,864 INFO o.a.j.t.JMeterThread: Thread finished: Patient Users (27 VUs) 1-11
2026-01-08 18:06:10,864 WARN o.a.j.t.JMeterThread: The delay timer was interrupted - probably did not wait as long as intended.
2026-01-08 18:06:10,864 INFO o.a.j.t.JMeterThread: Stopping: Patient Users (27 VUs) 1-23
2026-01-08 18:06:10,864 WARN o.a.j.t.JMeterThread: The delay timer was interrupted - probably did not wait as long as intended.
2026-01-08 18:06:10,864 WARN o.a.j.t.JMeterThread: The delay timer was interrupted - probably did not wait as long as intended.
2026-01-08 18:06:10,864 WARN o.a.j.t.JMeterThread: The delay timer was interrupted - probably did not wait as long as intended.
2026-01-08 18:06:10,864 INFO o.a.j.t.JMeterThread: Thread finished: Patient Users (27 VUs) 1-16
2026-01-08 18:06:10,864 INFO o.a.j.t.JMeterThread: Stopping: Patient Users (27 VUs) 1-8
2026-01-08 18:06:10,864 INFO o.a.j.t.JMeterThread: Thread finished: Patient Users (27 VUs) 1-21
2026-01-08 18:06:10,864 INFO o.a.j.t.JMeterThread: Thread finished: Patient Users (27 VUs) 1-23
2026-01-08 18:06:10,864 INFO o.a.j.t.JMeterThread: Stopping: Patient Users (27 VUs) 1-22
2026-01-08 18:06:10,864 INFO o.a.j.t.JMeterThread: Stopping: Patient Users (27 VUs) 1-18
2026-01-08 18:06:10,864 INFO o.a.j.t.JMeterThread: Stopping: Patient Users (27 VUs) 1-4
2026-01-08 18:06:10,864 WARN o.a.j.t.JMeterThread: The delay timer was interrupted - probably did not wait as long as intended.
2026-01-08 18:06:10,864 WARN o.a.j.t.JMeterThread: The delay timer was interrupted - probably did not wait as long as intended.
2026-01-08 18:06:10,864 WARN o.a.j.t.JMeterThread: The delay timer was interrupted - probably did not wait as long as intended.
2026-01-08 18:06:10,864 INFO o.a.j.t.JMeterThread: Thread finished: Patient Users (27 VUs) 1-8
2026-01-08 18:06:10,864 WARN o.a.j.t.JMeterThread: The delay timer was interrupted - probably did not wait as long as intended.
2026-01-08 18:06:10,864 INFO o.a.j.t.JMeterThread: Thread finished: Patient Users (27 VUs) 1-22
2026-01-08 18:06:10,864 WARN o.a.j.t.JMeterThread: The delay timer was interrupted - probably did not wait as long as intended.
2026-01-08 18:06:10,864 INFO o.a.j.t.JMeterThread: Thread finished: Patient Users (27 VUs) 1-4
2026-01-08 18:06:10,864 WARN o.a.j.t.JMeterThread: The delay timer was interrupted - probably did not wait as long as intended.
2026-01-08 18:06:10,864 INFO o.a.j.t.JMeterThread: Thread finished: Patient Users (27 VUs) 1-6
2026-01-08 18:06:10,864 WARN o.a.j.t.JMeterThread: The delay timer was interrupted - probably did not wait as long as intended.
2026-01-08 18:06:10,864 WARN o.a.j.t.JMeterThread: The delay timer was interrupted - probably did not wait as long as intended.
2026-01-08 18:06:10,864 WARN o.a.j.t.JMeterThread: The delay timer was interrupted - probably did not wait as long as intended.
2026-01-08 18:06:10,864 INFO o.a.j.t.JMeterThread: Thread finished: Patient Users (27 VUs) 1-26
2026-01-08 18:06:10,864 INFO o.a.j.t.JMeterThread: Thread finished: Patient Users (27 VUs) 1-27
2026-01-08 18:06:10,864 WARN o.a.j.t.JMeterThread: The delay timer was interrupted - probably did not wait as long as intended.
2026-01-08 18:06:10,864 INFO o.a.j.t.JMeterThread: Thread finished: Patient Users (27 VUs) 1-13
2026-01-08 18:06:10,864 WARN o.a.j.t.JMeterThread: The delay timer was interrupted - probably did not wait as long as intended.
2026-01-08 18:06:10,864 WARN o.a.j.t.JMeterThread: The delay timer was interrupted - probably did not wait as long as intended.
2026-01-08 18:06:10,864 INFO o.a.j.t.JMeterThread: Thread finished: Patient Users (27 VUs) 1-17
2026-01-08 18:06:10,865 INFO o.a.j.t.JMeterThread: Thread finished: Patient Users (27 VUs) 1-5
2026-01-08 18:06:10,864 WARN o.a.j.t.JMeterThread: The delay timer was interrupted - probably did not wait as long as intended.
2026-01-08 18:06:10,864 INFO o.a.j.t.JMeterThread: Thread finished: Patient Users (27 VUs) 1-12
2026-01-08 18:06:10,865 INFO o.a.j.t.JMeterThread: Thread finished: Patient Users (27 VUs) 1-24
2026-01-08 18:06:10,864 INFO o.a.j.t.JMeterThread: Thread finished: Patient Users (27 VUs) 1-7
2026-01-08 18:06:10,864 WARN o.a.j.t.JMeterThread: The delay timer was interrupted - probably did not wait as long as intended.
2026-01-08 18:06:10,864 INFO o.a.j.t.JMeterThread: Thread finished: Patient Users (27 VUs) 1-14
2026-01-08 18:06:10,864 WARN o.a.j.t.JMeterThread: The delay timer was interrupted - probably did not wait as long as intended.
2026-01-08 18:06:10,866 INFO o.a.j.t.JMeterThread: Thread finished: Patient Users (27 VUs) 1-20
2026-01-08 18:06:10,864 INFO o.a.j.t.JMeterThread: Thread finished: Patient Users (27 VUs) 1-9
2026-01-08 18:06:10,866 INFO o.a.j.t.JMeterThread: Thread finished: Patient Users (27 VUs) 1-19
2026-01-08 18:06:10,866 INFO o.a.j.t.JMeterThread: Thread finished: Patient Users (27 VUs) 1-10
2026-01-08 18:06:10,864 WARN o.a.j.t.JMeterThread: The delay timer was interrupted - probably did not wait as long as intended.
2026-01-08 18:06:10,866 INFO o.a.j.t.JMeterThread: Thread finished: Patient Users (27 VUs) 1-18
2026-01-08 18:06:10,864 INFO o.a.j.t.JMeterThread: Stopping: Patient Users (27 VUs) 1-2
2026-01-08 18:06:10,866 INFO o.a.j.t.JMeterThread: Stopping: Patient Users (27 VUs) 1-15
2026-01-08 18:06:10,864 INFO o.a.j.t.JMeterThread: Thread finished: Patient Users (27 VUs) 1-3
2026-01-08 18:06:10,866 WARN o.a.j.t.JMeterThread: The delay timer was interrupted - probably did not wait as long as intended.
2026-01-08 18:06:10,866 WARN o.a.j.t.JMeterThread: The delay timer was interrupted - probably did not wait as long as intended.
2026-01-08 18:06:10,867 INFO o.a.j.t.JMeterThread: Thread finished: Patient Users (27 VUs) 1-2
2026-01-08 18:06:10,867 INFO o.a.j.t.JMeterThread: Thread finished: Patient Users (27 VUs) 1-15
2026-01-08 18:06:10,866 INFO o.a.j.t.JMeterThread: Thread finished: Patient Users (27 VUs) 1-1
2026-01-08 18:06:10,867 INFO o.a.j.t.JMeterThread: Stopping: Doctor Users (9 VUs) 2-2
2026-01-08 18:06:10,867 INFO o.a.j.t.JMeterThread: Thread finished: Patient Users (27 VUs) 1-25
2026-01-08 18:06:10,867 INFO o.a.j.t.JMeterThread: Stopping: Doctor Users (9 VUs) 2-5
2026-01-08 18:06:10,868 WARN o.a.j.t.JMeterThread: The delay timer was interrupted - probably did not wait as long as intended.
2026-01-08 18:06:10,868 INFO o.a.j.t.JMeterThread: Stopping: Doctor Users (9 VUs) 2-4
2026-01-08 18:06:10,868 WARN o.a.j.t.JMeterThread: The delay timer was interrupted - probably did not wait as long as intended.
2026-01-08 18:06:10,868 INFO o.a.j.t.JMeterThread: Stopping: Doctor Users (9 VUs) 2-1
2026-01-08 18:06:10,868 INFO o.a.j.t.JMeterThread: Thread finished: Doctor Users (9 VUs) 2-2
2026-01-08 18:06:10,868 INFO o.a.j.t.JMeterThread: Thread finished: Doctor Users (9 VUs) 2-5
2026-01-08 18:06:10,868 INFO o.a.j.t.JMeterThread: Stopping: Doctor Users (9 VUs) 2-6
2026-01-08 18:06:10,868 WARN o.a.j.t.JMeterThread: The delay timer was interrupted - probably did not wait as long as intended.
2026-01-08 18:06:10,868 WARN o.a.j.t.JMeterThread: The delay timer was interrupted - probably did not wait as long as intended.
2026-01-08 18:06:10,868 INFO o.a.j.t.JMeterThread: Stopping: Doctor Users (9 VUs) 2-9
2026-01-08 18:06:10,868 WARN o.a.j.t.JMeterThread: The delay timer was interrupted - probably did not wait as long as intended.
2026-01-08 18:06:10,868 INFO o.a.j.t.JMeterThread: Thread finished: Doctor Users (9 VUs) 2-4
2026-01-08 18:06:10,868 INFO o.a.j.t.JMeterThread: Thread finished: Doctor Users (9 VUs) 2-1
2026-01-08 18:06:10,868 WARN o.a.j.t.JMeterThread: The delay timer was interrupted - probably did not wait as long as intended.
2026-01-08 18:06:10,868 INFO o.a.j.t.JMeterThread: Stopping: Doctor Users (9 VUs) 2-8
2026-01-08 18:06:10,868 INFO o.a.j.t.JMeterThread: Thread finished: Doctor Users (9 VUs) 2-6
2026-01-08 18:06:10,868 INFO o.a.j.t.JMeterThread: Stopping: Doctor Users (9 VUs) 2-3
2026-01-08 18:06:10,868 INFO o.a.j.t.JMeterThread: Thread finished: Doctor Users (9 VUs) 2-9
2026-01-08 18:06:10,868 INFO o.a.j.t.JMeterThread: Stopping: Doctor Users (9 VUs) 2-7
2026-01-08 18:06:10,868 WARN o.a.j.t.JMeterThread: The delay timer was interrupted - probably did not wait as long as intended.
2026-01-08 18:06:10,868 WARN o.a.j.t.JMeterThread: The delay timer was interrupted - probably did not wait as long as intended.
2026-01-08 18:06:10,868 INFO o.a.j.t.JMeterThread: Thread finished: Doctor Users (9 VUs) 2-8
2026-01-08 18:06:10,868 INFO o.a.j.t.JMeterThread: Stopping: Nurse Users (7 VUs) 3-6
2026-01-08 18:06:10,868 WARN o.a.j.t.JMeterThread: The delay timer was interrupted - probably did not wait as long as intended.
2026-01-08 18:06:10,868 INFO o.a.j.t.JMeterThread: Thread finished: Doctor Users (9 VUs) 2-3
2026-01-08 18:06:10,868 INFO o.a.j.t.JMeterThread: Thread finished: Doctor Users (9 VUs) 2-7
2026-01-08 18:06:10,868 WARN o.a.j.t.JMeterThread: The delay timer was interrupted - probably did not wait as long as intended.
2026-01-08 18:06:10,868 INFO o.a.j.t.JMeterThread: Stopping: Nurse Users (7 VUs) 3-7
2026-01-08 18:06:10,868 INFO o.a.j.t.JMeterThread: Stopping: Nurse Users (7 VUs) 3-3
2026-01-08 18:06:10,868 INFO o.a.j.t.JMeterThread: Thread finished: Nurse Users (7 VUs) 3-6
2026-01-08 18:06:10,868 WARN o.a.j.t.JMeterThread: The delay timer was interrupted - probably did not wait as long as intended.
2026-01-08 18:06:10,868 INFO o.a.j.t.JMeterThread: Thread finished: Nurse Users (7 VUs) 3-7
2026-01-08 18:06:10,868 INFO o.a.j.t.JMeterThread: Stopping: Nurse Users (7 VUs) 3-1
2026-01-08 18:06:10,869 WARN o.a.j.t.JMeterThread: The delay timer was interrupted - probably did not wait as long as intended.
2026-01-08 18:06:10,869 INFO o.a.j.t.JMeterThread: Stopping: Nurse Users (7 VUs) 3-4
2026-01-08 18:06:10,869 INFO o.a.j.t.JMeterThread: Thread finished: Nurse Users (7 VUs) 3-3
2026-01-08 18:06:10,869 INFO o.a.j.t.JMeterThread: Stopping: Nurse Users (7 VUs) 3-5
2026-01-08 18:06:10,869 WARN o.a.j.t.JMeterThread: The delay timer was interrupted - probably did not wait as long as intended.
2026-01-08 18:06:10,869 INFO o.a.j.t.JMeterThread: Stopping: Nurse Users (7 VUs) 3-2
2026-01-08 18:06:10,869 WARN o.a.j.t.JMeterThread: The delay timer was interrupted - probably did not wait as long as intended.
2026-01-08 18:06:10,869 WARN o.a.j.t.JMeterThread: The delay timer was interrupted - probably did not wait as long as intended.
2026-01-08 18:06:10,869 INFO o.a.j.t.JMeterThread: Stopping: Receptionist Users (6 VUs) 4-1
2026-01-08 18:06:10,869 INFO o.a.j.t.JMeterThread: Stopping: Receptionist Users (6 VUs) 4-3
2026-01-08 18:06:10,869 INFO o.a.j.t.JMeterThread: Thread finished: Nurse Users (7 VUs) 3-4
2026-01-08 18:06:10,869 INFO o.a.j.t.JMeterThread: Thread finished: Nurse Users (7 VUs) 3-1
2026-01-08 18:06:10,869 INFO o.a.j.t.JMeterThread: Thread finished: Nurse Users (7 VUs) 3-5
2026-01-08 18:06:10,869 WARN o.a.j.t.JMeterThread: The delay timer was interrupted - probably did not wait as long as intended.
2026-01-08 18:06:10,869 WARN o.a.j.t.JMeterThread: The delay timer was interrupted - probably did not wait as long as intended.
2026-01-08 18:06:10,869 INFO o.a.j.t.JMeterThread: Thread finished: Nurse Users (7 VUs) 3-2
2026-01-08 18:06:10,869 INFO o.a.j.t.JMeterThread: Thread finished: Receptionist Users (6 VUs) 4-1
2026-01-08 18:06:10,869 INFO o.a.j.t.JMeterThread: Stopping: Receptionist Users (6 VUs) 4-5
2026-01-08 18:06:10,869 WARN o.a.j.t.JMeterThread: The delay timer was interrupted - probably did not wait as long as intended.
2026-01-08 18:06:10,869 INFO o.a.j.t.JMeterThread: Stopping: Receptionist Users (6 VUs) 4-6
2026-01-08 18:06:10,869 INFO o.a.j.t.JMeterThread: Stopping: Receptionist Users (6 VUs) 4-2
2026-01-08 18:06:10,869 WARN o.a.j.t.JMeterThread: The delay timer was interrupted - probably did not wait as long as intended.
2026-01-08 18:06:10,869 WARN o.a.j.t.JMeterThread: The delay timer was interrupted - probably did not wait as long as intended.
2026-01-08 18:06:10,869 INFO o.a.j.t.JMeterThread: Thread finished: Receptionist Users (6 VUs) 4-3
2026-01-08 18:06:10,869 INFO o.a.j.t.JMeterThread: Stopping: Receptionist Users (6 VUs) 4-4
2026-01-08 18:06:10,869 WARN o.a.j.t.JMeterThread: The delay timer was interrupted - probably did not wait as long as intended.
2026-01-08 18:06:10,869 INFO o.a.j.t.JMeterThread: Thread finished: Receptionist Users (6 VUs) 4-5
2026-01-08 18:06:10,869 INFO o.a.j.t.JMeterThread: Stopping: Admin User (1 VU) 5-1
2026-01-08 18:06:10,869 WARN o.a.j.t.JMeterThread: The delay timer was interrupted - probably did not wait as long as intended.
2026-01-08 18:06:10,869 INFO o.a.j.t.JMeterThread: Thread finished: Receptionist Users (6 VUs) 4-6
2026-01-08 18:06:10,869 INFO o.a.j.t.JMeterThread: Thread finished: Receptionist Users (6 VUs) 4-2
2026-01-08 18:06:10,869 INFO o.a.j.t.JMeterThread: Thread finished: Receptionist Users (6 VUs) 4-4
2026-01-08 18:06:10,870 WARN o.a.j.t.JMeterThread: The delay timer was interrupted - probably did not wait as long as intended.
2026-01-08 18:06:10,870 INFO o.a.j.t.JMeterThread: Thread finished: Admin User (1 VU) 5-1
2026-01-08 18:06:10,870 INFO o.a.j.e.StandardJMeterEngine: Notifying test listeners of end of test
2026-01-08 18:06:10,870 INFO o.a.j.s.FileServer: Close: d:\1_Hoc_Tap\1_1_Dai_Hoc\Tai_lieu_ki_1_nam_3\CongNghePhanMemChuyenSau\HMS-total\HMS_Backend\infrastructure\jmeter\data/nurse_credentials.csv
2026-01-08 18:06:10,870 INFO o.a.j.s.FileServer: Close: d:\1_Hoc_Tap\1_1_Dai_Hoc\Tai_lieu_ki_1_nam_3\CongNghePhanMemChuyenSau\HMS-total\HMS_Backend\infrastructure\jmeter\data/receptionist_credentials.csv
2026-01-08 18:06:10,870 INFO o.a.j.s.FileServer: Close: d:\1_Hoc_Tap\1_1_Dai_Hoc\Tai_lieu_ki_1_nam_3\CongNghePhanMemChuyenSau\HMS-total\HMS_Backend\infrastructure\jmeter\data/doctor_credentials.csv
2026-01-08 18:06:10,870 INFO o.a.j.s.FileServer: Close: d:\1_Hoc_Tap\1_1_Dai_Hoc\Tai_lieu_ki_1_nam_3\CongNghePhanMemChuyenSau\HMS-total\HMS_Backend\infrastructure\jmeter\data/patient_credentials.csv
2026-01-08 18:06:10,870 INFO o.a.j.g.u.JMeterMenuBar: setRunning(false, *local*)
2026-01-08 21:31:19,978 INFO o.a.j.e.StandardJMeterEngine: Running the test!
2026-01-08 21:31:20,002 INFO o.a.j.s.SampleEvent: List of sample_variables: []
2026-01-08 21:31:20,029 INFO o.a.j.g.u.JMeterMenuBar: setRunning(true, *local*)
2026-01-08 21:31:20,443 INFO o.a.j.e.StandardJMeterEngine: Starting ThreadGroup: 1 : Patient Users (27 VUs)
2026-01-08 21:31:20,443 INFO o.a.j.e.StandardJMeterEngine: Starting 27 threads for group Patient Users (27 VUs).
2026-01-08 21:31:20,443 INFO o.a.j.e.StandardJMeterEngine: Thread will continue on error
2026-01-08 21:31:20,444 INFO o.a.j.t.ThreadGroup: Starting thread group... number=1 threads=27 ramp-up=30 delayedStart=false
2026-01-08 21:31:20,449 INFO o.a.j.t.JMeterThread: Thread started: Patient Users (27 VUs) 1-1
2026-01-08 21:31:20,449 INFO o.a.j.s.FileServer: Stored: d:\1_Hoc_Tap\1_1_Dai_Hoc\Tai_lieu_ki_1_nam_3\CongNghePhanMemChuyenSau\HMS-total\HMS_Backend\infrastructure\jmeter\data/patient_credentials.csv
2026-01-08 21:31:20,462 INFO o.a.j.t.ThreadGroup: Started thread group number 1
2026-01-08 21:31:20,462 INFO o.a.j.e.StandardJMeterEngine: Starting ThreadGroup: 2 : Doctor Users (9 VUs)
2026-01-08 21:31:20,462 INFO o.a.j.e.StandardJMeterEngine: Starting 9 threads for group Doctor Users (9 VUs).
2026-01-08 21:31:20,463 INFO o.a.j.e.StandardJMeterEngine: Thread will continue on error
2026-01-08 21:31:20,463 INFO o.a.j.t.ThreadGroup: Starting thread group... number=2 threads=9 ramp-up=15 delayedStart=false
2026-01-08 21:31:20,469 INFO o.a.j.t.ThreadGroup: Started thread group number 2
2026-01-08 21:31:20,469 INFO o.a.j.e.StandardJMeterEngine: Starting ThreadGroup: 3 : Nurse Users (7 VUs)
2026-01-08 21:31:20,469 INFO o.a.j.e.StandardJMeterEngine: Starting 7 threads for group Nurse Users (7 VUs).
2026-01-08 21:31:20,469 INFO o.a.j.e.StandardJMeterEngine: Thread will continue on error
2026-01-08 21:31:20,469 INFO o.a.j.t.ThreadGroup: Starting thread group... number=3 threads=7 ramp-up=15 delayedStart=false
2026-01-08 21:31:20,472 INFO o.a.j.t.ThreadGroup: Started thread group number 3
2026-01-08 21:31:20,472 INFO o.a.j.e.StandardJMeterEngine: Starting ThreadGroup: 4 : Receptionist Users (6 VUs)
2026-01-08 21:31:20,472 INFO o.a.j.e.StandardJMeterEngine: Starting 6 threads for group Receptionist Users (6 VUs).
2026-01-08 21:31:20,472 INFO o.a.j.e.StandardJMeterEngine: Thread will continue on error
2026-01-08 21:31:20,472 INFO o.a.j.t.ThreadGroup: Starting thread group... number=4 threads=6 ramp-up=15 delayedStart=false
2026-01-08 21:31:20,477 INFO o.a.j.t.ThreadGroup: Started thread group number 4
2026-01-08 21:31:20,477 INFO o.a.j.e.StandardJMeterEngine: Starting ThreadGroup: 5 : Admin User (1 VU)
2026-01-08 21:31:20,477 INFO o.a.j.e.StandardJMeterEngine: Starting 1 threads for group Admin User (1 VU).
2026-01-08 21:31:20,477 INFO o.a.j.e.StandardJMeterEngine: Thread will continue on error
2026-01-08 21:31:20,477 INFO o.a.j.t.ThreadGroup: Starting thread group... number=5 threads=1 ramp-up=5 delayedStart=false
2026-01-08 21:31:20,478 INFO o.a.j.t.ThreadGroup: Started thread group number 5
2026-01-08 21:31:20,478 INFO o.a.j.e.StandardJMeterEngine: All thread groups have been started
2026-01-08 21:31:20,491 INFO o.a.j.e.StandardJMeterEngine: Running the test!
2026-01-08 21:31:20,491 INFO o.a.j.s.SampleEvent: List of sample_variables: []
2026-01-08 21:31:20,497 INFO o.a.j.g.u.JMeterMenuBar: setRunning(true, *local*)
2026-01-08 21:31:20,695 INFO o.a.j.e.StandardJMeterEngine: Starting ThreadGroup: 1 : Patient Users (27 VUs)
2026-01-08 21:31:20,695 INFO o.a.j.e.StandardJMeterEngine: Starting 27 threads for group Patient Users (27 VUs).
2026-01-08 21:31:20,695 INFO o.a.j.e.StandardJMeterEngine: Thread will continue on error
2026-01-08 21:31:20,695 INFO o.a.j.t.ThreadGroup: Starting thread group... number=1 threads=27 ramp-up=30 delayedStart=false
2026-01-08 21:31:20,696 INFO o.a.j.t.JMeterThread: Thread started: Patient Users (27 VUs) 1-1
2026-01-08 21:31:20,719 INFO o.a.j.t.ThreadGroup: Started thread group number 1
2026-01-08 21:31:20,719 INFO o.a.j.e.StandardJMeterEngine: Starting ThreadGroup: 2 : Doctor Users (9 VUs)
2026-01-08 21:31:20,719 INFO o.a.j.e.StandardJMeterEngine: Starting 9 threads for group Doctor Users (9 VUs).
2026-01-08 21:31:20,719 INFO o.a.j.e.StandardJMeterEngine: Thread will continue on error
2026-01-08 21:31:20,719 INFO o.a.j.t.ThreadGroup: Starting thread group... number=2 threads=9 ramp-up=15 delayedStart=false
2026-01-08 21:31:20,728 INFO o.a.j.t.ThreadGroup: Started thread group number 2
2026-01-08 21:31:20,728 INFO o.a.j.e.StandardJMeterEngine: Starting ThreadGroup: 3 : Nurse Users (7 VUs)
2026-01-08 21:31:20,728 INFO o.a.j.e.StandardJMeterEngine: Starting 7 threads for group Nurse Users (7 VUs).
2026-01-08 21:31:20,728 INFO o.a.j.e.StandardJMeterEngine: Thread will continue on error
2026-01-08 21:31:20,728 INFO o.a.j.t.ThreadGroup: Starting thread group... number=3 threads=7 ramp-up=15 delayedStart=false
2026-01-08 21:31:20,732 INFO o.a.j.t.ThreadGroup: Started thread group number 3
2026-01-08 21:31:20,734 INFO o.a.j.e.StandardJMeterEngine: Starting ThreadGroup: 4 : Receptionist Users (6 VUs)
2026-01-08 21:31:20,734 INFO o.a.j.e.StandardJMeterEngine: Starting 6 threads for group Receptionist Users (6 VUs).
2026-01-08 21:31:20,734 INFO o.a.j.e.StandardJMeterEngine: Thread will continue on error
2026-01-08 21:31:20,734 INFO o.a.j.t.ThreadGroup: Starting thread group... number=4 threads=6 ramp-up=15 delayedStart=false
2026-01-08 21:31:20,737 INFO o.a.j.t.ThreadGroup: Started thread group number 4
2026-01-08 21:31:20,737 INFO o.a.j.e.StandardJMeterEngine: Starting ThreadGroup: 5 : Admin User (1 VU)
2026-01-08 21:31:20,737 INFO o.a.j.e.StandardJMeterEngine: Starting 1 threads for group Admin User (1 VU).
2026-01-08 21:31:20,737 INFO o.a.j.e.StandardJMeterEngine: Thread will continue on error
2026-01-08 21:31:20,737 INFO o.a.j.t.ThreadGroup: Starting thread group... number=5 threads=1 ramp-up=5 delayedStart=false
2026-01-08 21:31:20,739 INFO o.a.j.t.ThreadGroup: Started thread group number 5
2026-01-08 21:31:20,739 INFO o.a.j.e.StandardJMeterEngine: All thread groups have been started
2026-01-08 21:31:21,560 INFO o.a.j.t.JMeterThread: Thread started: Patient Users (27 VUs) 1-2
2026-01-08 21:31:21,807 INFO o.a.j.t.JMeterThread: Thread started: Patient Users (27 VUs) 1-2
2026-01-08 21:31:22,670 INFO o.a.j.t.JMeterThread: Thread started: Patient Users (27 VUs) 1-3
2026-01-08 21:31:22,919 INFO o.a.j.t.JMeterThread: Thread started: Patient Users (27 VUs) 1-3
2026-01-08 21:31:23,790 INFO o.a.j.t.JMeterThread: Thread started: Patient Users (27 VUs) 1-4
2026-01-08 21:31:24,045 INFO o.a.j.t.JMeterThread: Thread started: Patient Users (27 VUs) 1-4
2026-01-08 21:31:24,904 INFO o.a.j.t.JMeterThread: Thread started: Patient Users (27 VUs) 1-5
2026-01-08 21:31:25,146 INFO o.a.j.t.JMeterThread: Thread started: Patient Users (27 VUs) 1-5
2026-01-08 21:31:25,476 INFO o.a.j.t.JMeterThread: Thread started: Doctor Users (9 VUs) 2-1
2026-01-08 21:31:25,477 INFO o.a.j.s.FileServer: Stored: d:\1_Hoc_Tap\1_1_Dai_Hoc\Tai_lieu_ki_1_nam_3\CongNghePhanMemChuyenSau\HMS-total\HMS_Backend\infrastructure\jmeter\data/doctor_credentials.csv
2026-01-08 21:31:25,727 INFO o.a.j.t.JMeterThread: Thread started: Doctor Users (9 VUs) 2-1
2026-01-08 21:31:26,004 INFO o.a.j.t.JMeterThread: Thread started: Patient Users (27 VUs) 1-6
2026-01-08 21:31:26,263 INFO o.a.j.t.JMeterThread: Thread started: Patient Users (27 VUs) 1-6
2026-01-08 21:31:27,123 INFO o.a.j.t.JMeterThread: Thread started: Patient Users (27 VUs) 1-7
2026-01-08 21:31:27,156 INFO o.a.j.t.JMeterThread: Thread started: Doctor Users (9 VUs) 2-2
2026-01-08 21:31:27,379 INFO o.a.j.t.JMeterThread: Thread started: Patient Users (27 VUs) 1-7
2026-01-08 21:31:27,406 INFO o.a.j.t.JMeterThread: Thread started: Doctor Users (9 VUs) 2-2
2026-01-08 21:31:28,235 INFO o.a.j.t.JMeterThread: Thread started: Patient Users (27 VUs) 1-8
2026-01-08 21:31:28,477 INFO o.a.j.t.JMeterThread: Thread started: Patient Users (27 VUs) 1-8
2026-01-08 21:31:28,819 INFO o.a.j.t.JMeterThread: Thread started: Doctor Users (9 VUs) 2-3
2026-01-08 21:31:29,069 INFO o.a.j.t.JMeterThread: Thread started: Doctor Users (9 VUs) 2-3
2026-01-08 21:31:29,339 INFO o.a.j.t.JMeterThread: Thread started: Patient Users (27 VUs) 1-9
2026-01-08 21:31:29,601 INFO o.a.j.t.JMeterThread: Thread started: Patient Users (27 VUs) 1-9
2026-01-08 21:31:30,458 INFO o.a.j.t.JMeterThread: Thread started: Patient Users (27 VUs) 1-10
2026-01-08 21:31:30,473 INFO o.a.j.t.JMeterThread: Thread started: Nurse Users (7 VUs) 3-1
2026-01-08 21:31:30,473 INFO o.a.j.s.FileServer: Stored: d:\1_Hoc_Tap\1_1_Dai_Hoc\Tai_lieu_ki_1_nam_3\CongNghePhanMemChuyenSau\HMS-total\HMS_Backend\infrastructure\jmeter\data/nurse_credentials.csv
2026-01-08 21:31:30,486 INFO o.a.j.t.JMeterThread: Thread started: Doctor Users (9 VUs) 2-4
2026-01-08 21:31:30,710 INFO o.a.j.t.JMeterThread: Thread started: Patient Users (27 VUs) 1-10
2026-01-08 21:31:30,740 INFO o.a.j.t.JMeterThread: Thread started: Nurse Users (7 VUs) 3-1
2026-01-08 21:31:30,740 INFO o.a.j.t.JMeterThread: Thread started: Doctor Users (9 VUs) 2-4
2026-01-08 21:31:31,558 INFO o.a.j.t.JMeterThread: Thread started: Patient Users (27 VUs) 1-11
2026-01-08 21:31:31,819 INFO o.a.j.t.JMeterThread: Thread started: Patient Users (27 VUs) 1-11
2026-01-08 21:31:32,147 INFO o.a.j.t.JMeterThread: Thread started: Doctor Users (9 VUs) 2-5
2026-01-08 21:31:32,396 INFO o.a.j.t.JMeterThread: Thread started: Doctor Users (9 VUs) 2-5
2026-01-08 21:31:32,615 INFO o.a.j.t.JMeterThread: Thread started: Nurse Users (7 VUs) 3-2
2026-01-08 21:31:32,684 INFO o.a.j.t.JMeterThread: Thread started: Patient Users (27 VUs) 1-12
2026-01-08 21:31:32,895 INFO o.a.j.t.JMeterThread: Thread started: Nurse Users (7 VUs) 3-2
2026-01-08 21:31:32,929 INFO o.a.j.t.JMeterThread: Thread started: Patient Users (27 VUs) 1-12
2026-01-08 21:31:33,783 INFO o.a.j.t.JMeterThread: Thread started: Patient Users (27 VUs) 1-13
2026-01-08 21:31:33,814 INFO o.a.j.t.JMeterThread: Thread started: Doctor Users (9 VUs) 2-6
2026-01-08 21:31:34,033 INFO o.a.j.t.JMeterThread: Thread started: Patient Users (27 VUs) 1-13
2026-01-08 21:31:34,064 INFO o.a.j.t.JMeterThread: Thread started: Doctor Users (9 VUs) 2-6
2026-01-08 21:31:34,772 INFO o.a.j.t.JMeterThread: Thread started: Nurse Users (7 VUs) 3-3
2026-01-08 21:31:34,896 INFO o.a.j.t.JMeterThread: Thread started: Patient Users (27 VUs) 1-14
2026-01-08 21:31:35,027 INFO o.a.j.t.JMeterThread: Thread started: Nurse Users (7 VUs) 3-3
2026-01-08 21:31:35,149 INFO o.a.j.t.JMeterThread: Thread started: Patient Users (27 VUs) 1-14
2026-01-08 21:31:35,480 INFO o.a.j.t.JMeterThread: Thread started: Doctor Users (9 VUs) 2-7
2026-01-08 21:31:35,481 INFO o.a.j.t.JMeterThread: Thread started: Receptionist Users (6 VUs) 4-1
2026-01-08 21:31:35,481 INFO o.a.j.s.FileServer: Stored: d:\1_Hoc_Tap\1_1_Dai_Hoc\Tai_lieu_ki_1_nam_3\CongNghePhanMemChuyenSau\HMS-total\HMS_Backend\infrastructure\jmeter\data/receptionist_credentials.csv
2026-01-08 21:31:35,727 INFO o.a.j.t.JMeterThread: Thread started: Doctor Users (9 VUs) 2-7
2026-01-08 21:31:35,743 INFO o.a.j.t.JMeterThread: Thread started: Receptionist Users (6 VUs) 4-1
2026-01-08 21:31:36,010 INFO o.a.j.t.JMeterThread: Thread started: Patient Users (27 VUs) 1-15
2026-01-08 21:31:36,260 INFO o.a.j.t.JMeterThread: Thread started: Patient Users (27 VUs) 1-15
2026-01-08 21:31:36,904 INFO o.a.j.t.JMeterThread: Thread started: Nurse Users (7 VUs) 3-4
2026-01-08 21:31:37,121 INFO o.a.j.t.JMeterThread: Thread started: Patient Users (27 VUs) 1-16
2026-01-08 21:31:37,153 INFO o.a.j.t.JMeterThread: Thread started: Doctor Users (9 VUs) 2-8
2026-01-08 21:31:37,184 INFO o.a.j.t.JMeterThread: Thread started: Nurse Users (7 VUs) 3-4
2026-01-08 21:31:37,376 INFO o.a.j.t.JMeterThread: Thread started: Patient Users (27 VUs) 1-16
2026-01-08 21:31:37,393 INFO o.a.j.t.JMeterThread: Thread started: Doctor Users (9 VUs) 2-8
2026-01-08 21:31:37,995 INFO o.a.j.t.JMeterThread: Thread started: Receptionist Users (6 VUs) 4-2
2026-01-08 21:31:38,232 INFO o.a.j.t.JMeterThread: Thread started: Patient Users (27 VUs) 1-17
2026-01-08 21:31:38,247 INFO o.a.j.t.JMeterThread: Thread started: Receptionist Users (6 VUs) 4-2
2026-01-08 21:31:38,479 INFO o.a.j.t.JMeterThread: Thread started: Patient Users (27 VUs) 1-17
2026-01-08 21:31:38,816 INFO o.a.j.t.JMeterThread: Thread started: Doctor Users (9 VUs) 2-9
2026-01-08 21:31:39,044 INFO o.a.j.t.JMeterThread: Thread started: Nurse Users (7 VUs) 3-5
2026-01-08 21:31:39,074 INFO o.a.j.t.JMeterThread: Thread started: Doctor Users (9 VUs) 2-9
2026-01-08 21:31:39,324 INFO o.a.j.t.JMeterThread: Thread started: Nurse Users (7 VUs) 3-5
2026-01-08 21:31:39,347 INFO o.a.j.t.JMeterThread: Thread started: Patient Users (27 VUs) 1-18
2026-01-08 21:31:39,591 INFO o.a.j.t.JMeterThread: Thread started: Patient Users (27 VUs) 1-18
2026-01-08 21:31:40,447 INFO o.a.j.t.JMeterThread: Thread started: Patient Users (27 VUs) 1-19
2026-01-08 21:31:40,478 INFO o.a.j.t.JMeterThread: Thread started: Admin User (1 VU) 5-1
2026-01-08 21:31:40,493 INFO o.a.j.t.JMeterThread: Thread started: Receptionist Users (6 VUs) 4-3
2026-01-08 21:31:40,711 INFO o.a.j.t.JMeterThread: Thread started: Patient Users (27 VUs) 1-19
2026-01-08 21:31:40,744 INFO o.a.j.t.JMeterThread: Thread started: Admin User (1 VU) 5-1
2026-01-08 21:31:40,758 INFO o.a.j.t.JMeterThread: Thread started: Receptionist Users (6 VUs) 4-3
2026-01-08 21:31:41,200 INFO o.a.j.t.JMeterThread: Thread started: Nurse Users (7 VUs) 3-6
2026-01-08 21:31:41,463 INFO o.a.j.t.JMeterThread: Thread started: Nurse Users (7 VUs) 3-6
2026-01-08 21:31:41,566 INFO o.a.j.t.JMeterThread: Thread started: Patient Users (27 VUs) 1-20
2026-01-08 21:31:41,813 INFO o.a.j.t.JMeterThread: Thread started: Patient Users (27 VUs) 1-20
2026-01-08 21:31:42,675 INFO o.a.j.t.JMeterThread: Thread started: Patient Users (27 VUs) 1-21
2026-01-08 21:31:42,931 INFO o.a.j.t.JMeterThread: Thread started: Patient Users (27 VUs) 1-21
2026-01-08 21:31:42,996 INFO o.a.j.t.JMeterThread: Thread started: Receptionist Users (6 VUs) 4-4
2026-01-08 21:31:43,254 INFO o.a.j.t.JMeterThread: Thread started: Receptionist Users (6 VUs) 4-4
2026-01-08 21:31:43,334 INFO o.a.j.t.JMeterThread: Thread started: Nurse Users (7 VUs) 3-7
2026-01-08 21:31:43,597 INFO o.a.j.t.JMeterThread: Thread started: Nurse Users (7 VUs) 3-7
2026-01-08 21:31:43,790 INFO o.a.j.t.JMeterThread: Thread started: Patient Users (27 VUs) 1-22
2026-01-08 21:31:44,044 INFO o.a.j.t.JMeterThread: Thread started: Patient Users (27 VUs) 1-22
2026-01-08 21:31:44,891 INFO o.a.j.t.JMeterThread: Thread started: Patient Users (27 VUs) 1-23
2026-01-08 21:31:45,153 INFO o.a.j.t.JMeterThread: Thread started: Patient Users (27 VUs) 1-23
2026-01-08 21:31:45,479 INFO o.a.j.t.JMeterThread: Thread started: Receptionist Users (6 VUs) 4-5
2026-01-08 21:31:45,745 INFO o.a.j.t.JMeterThread: Thread started: Receptionist Users (6 VUs) 4-5
2026-01-08 21:31:46,011 INFO o.a.j.t.JMeterThread: Thread started: Patient Users (27 VUs) 1-24
2026-01-08 21:31:46,263 INFO o.a.j.t.JMeterThread: Thread started: Patient Users (27 VUs) 1-24
2026-01-08 21:31:47,123 INFO o.a.j.t.JMeterThread: Thread started: Patient Users (27 VUs) 1-25
2026-01-08 21:31:47,362 INFO o.a.j.t.JMeterThread: Thread started: Patient Users (27 VUs) 1-25
2026-01-08 21:31:47,980 INFO o.a.j.t.JMeterThread: Thread started: Receptionist Users (6 VUs) 4-6
2026-01-08 21:31:48,232 INFO o.a.j.t.JMeterThread: Thread started: Patient Users (27 VUs) 1-26
2026-01-08 21:31:48,248 INFO o.a.j.t.JMeterThread: Thread started: Receptionist Users (6 VUs) 4-6
2026-01-08 21:31:48,480 INFO o.a.j.t.JMeterThread: Thread started: Patient Users (27 VUs) 1-26
2026-01-08 21:31:49,338 INFO o.a.j.t.JMeterThread: Thread started: Patient Users (27 VUs) 1-27
2026-01-08 21:31:49,589 INFO o.a.j.t.JMeterThread: Thread started: Patient Users (27 VUs) 1-27
2026-01-08 21:32:24,351 INFO o.a.j.g.a.Start: Stopping test
2026-01-08 21:32:24,360 INFO o.a.j.t.JMeterThread: Stopping: Patient Users (27 VUs) 1-3
2026-01-08 21:32:24,361 INFO o.a.j.t.JMeterThread: Stopping: Patient Users (27 VUs) 1-14
2026-01-08 21:32:24,361 INFO o.a.j.t.JMeterThread: Stopping: Patient Users (27 VUs) 1-21
2026-01-08 21:32:24,361 INFO o.a.j.t.JMeterThread: Stopping: Patient Users (27 VUs) 1-2
2026-01-08 21:32:24,361 INFO o.a.j.t.JMeterThread: Stopping: Patient Users (27 VUs) 1-26
2026-01-08 21:32:24,361 INFO o.a.j.t.JMeterThread: Stopping: Patient Users (27 VUs) 1-4
2026-01-08 21:32:24,361 INFO o.a.j.t.JMeterThread: Stopping: Patient Users (27 VUs) 1-6
2026-01-08 21:32:24,361 INFO o.a.j.t.JMeterThread: Stopping: Patient Users (27 VUs) 1-12
2026-01-08 21:32:24,361 INFO o.a.j.t.JMeterThread: Stopping: Patient Users (27 VUs) 1-15
2026-01-08 21:32:24,361 INFO o.a.j.t.JMeterThread: Stopping: Patient Users (27 VUs) 1-8
2026-01-08 21:32:24,361 INFO o.a.j.t.JMeterThread: Stopping: Patient Users (27 VUs) 1-17
2026-01-08 21:32:24,361 INFO o.a.j.t.JMeterThread: Stopping: Patient Users (27 VUs) 1-11
2026-01-08 21:32:24,361 INFO o.a.j.t.JMeterThread: Stopping: Patient Users (27 VUs) 1-27
2026-01-08 21:32:24,361 INFO o.a.j.t.JMeterThread: Stopping: Patient Users (27 VUs) 1-1
2026-01-08 21:32:24,361 INFO o.a.j.t.JMeterThread: Stopping: Patient Users (27 VUs) 1-20
2026-01-08 21:32:24,361 INFO o.a.j.t.JMeterThread: Stopping: Patient Users (27 VUs) 1-19
2026-01-08 21:32:24,361 INFO o.a.j.t.JMeterThread: Stopping: Patient Users (27 VUs) 1-10
2026-01-08 21:32:24,361 INFO o.a.j.t.JMeterThread: Stopping: Patient Users (27 VUs) 1-7
2026-01-08 21:32:24,361 INFO o.a.j.t.JMeterThread: Stopping: Patient Users (27 VUs) 1-13
2026-01-08 21:32:24,361 INFO o.a.j.t.JMeterThread: Stopping: Patient Users (27 VUs) 1-23
2026-01-08 21:32:24,361 INFO o.a.j.t.JMeterThread: Stopping: Patient Users (27 VUs) 1-25
2026-01-08 21:32:24,361 INFO o.a.j.t.JMeterThread: Stopping: Patient Users (27 VUs) 1-5
2026-01-08 21:32:24,361 INFO o.a.j.t.JMeterThread: Stopping: Patient Users (27 VUs) 1-18
2026-01-08 21:32:24,361 INFO o.a.j.t.JMeterThread: Stopping: Patient Users (27 VUs) 1-22
2026-01-08 21:32:24,361 INFO o.a.j.t.JMeterThread: Stopping: Patient Users (27 VUs) 1-16
2026-01-08 21:32:24,361 INFO o.a.j.t.JMeterThread: Stopping: Patient Users (27 VUs) 1-9
2026-01-08 21:32:24,361 INFO o.a.j.t.JMeterThread: Stopping: Patient Users (27 VUs) 1-24
2026-01-08 21:32:24,361 INFO o.a.j.t.JMeterThread: Stopping: Doctor Users (9 VUs) 2-7
2026-01-08 21:32:24,361 WARN o.a.j.t.JMeterThread: The delay timer was interrupted - probably did not wait as long as intended.
2026-01-08 21:32:24,361 WARN o.a.j.t.JMeterThread: The delay timer was interrupted - probably did not wait as long as intended.
2026-01-08 21:32:24,361 WARN o.a.j.t.JMeterThread: The delay timer was interrupted - probably did not wait as long as intended.
2026-01-08 21:32:24,361 WARN o.a.j.t.JMeterThread: The delay timer was interrupted - probably did not wait as long as intended.
2026-01-08 21:32:24,361 WARN o.a.j.t.JMeterThread: The delay timer was interrupted - probably did not wait as long as intended.
2026-01-08 21:32:24,361 INFO o.a.j.t.JMeterThread: Thread finished: Patient Users (27 VUs) 1-24
2026-01-08 21:32:24,361 INFO o.a.j.t.JMeterThread: Thread finished: Patient Users (27 VUs) 1-3
2026-01-08 21:32:24,361 WARN o.a.j.t.JMeterThread: The delay timer was interrupted - probably did not wait as long as intended.
2026-01-08 21:32:24,361 WARN o.a.j.t.JMeterThread: The delay timer was interrupted - probably did not wait as long as intended.
2026-01-08 21:32:24,361 WARN o.a.j.t.JMeterThread: The delay timer was interrupted - probably did not wait as long as intended.
2026-01-08 21:32:24,361 WARN o.a.j.t.JMeterThread: The delay timer was interrupted - probably did not wait as long as intended.
2026-01-08 21:32:24,361 WARN o.a.j.t.JMeterThread: The delay timer was interrupted - probably did not wait as long as intended.
2026-01-08 21:32:24,361 WARN o.a.j.t.JMeterThread: The delay timer was interrupted - probably did not wait as long as intended.
2026-01-08 21:32:24,361 WARN o.a.j.t.JMeterThread: The delay timer was interrupted - probably did not wait as long as intended.
2026-01-08 21:32:24,361 INFO o.a.j.t.JMeterThread: Thread finished: Patient Users (27 VUs) 1-16
2026-01-08 21:32:24,361 INFO o.a.j.t.JMeterThread: Thread finished: Patient Users (27 VUs) 1-14
2026-01-08 21:32:24,361 INFO o.a.j.t.JMeterThread: Thread finished: Patient Users (27 VUs) 1-17
2026-01-08 21:32:24,361 WARN o.a.j.t.JMeterThread: The delay timer was interrupted - probably did not wait as long as intended.
2026-01-08 21:32:24,361 WARN o.a.j.t.JMeterThread: The delay timer was interrupted - probably did not wait as long as intended.
2026-01-08 21:32:24,361 WARN o.a.j.t.JMeterThread: The delay timer was interrupted - probably did not wait as long as intended.
2026-01-08 21:32:24,361 WARN o.a.j.t.JMeterThread: The delay timer was interrupted - probably did not wait as long as intended.
2026-01-08 21:32:24,361 WARN o.a.j.t.JMeterThread: The delay timer was interrupted - probably did not wait as long as intended.
2026-01-08 21:32:24,361 INFO o.a.j.t.JMeterThread: Thread finished: Patient Users (27 VUs) 1-20
2026-01-08 21:32:24,361 INFO o.a.j.t.JMeterThread: Thread finished: Doctor Users (9 VUs) 2-7
2026-01-08 21:32:24,361 WARN o.a.j.t.JMeterThread: The delay timer was interrupted - probably did not wait as long as intended.
2026-01-08 21:32:24,361 WARN o.a.j.t.JMeterThread: The delay timer was interrupted - probably did not wait as long as intended.
2026-01-08 21:32:24,361 WARN o.a.j.t.JMeterThread: The delay timer was interrupted - probably did not wait as long as intended.
2026-01-08 21:32:24,361 WARN o.a.j.t.JMeterThread: The delay timer was interrupted - probably did not wait as long as intended.
2026-01-08 21:32:24,361 WARN o.a.j.t.JMeterThread: The delay timer was interrupted - probably did not wait as long as intended.
2026-01-08 21:32:24,361 WARN o.a.j.t.JMeterThread: The delay timer was interrupted - probably did not wait as long as intended.
2026-01-08 21:32:24,361 INFO o.a.j.t.JMeterThread: Thread finished: Patient Users (27 VUs) 1-9
2026-01-08 21:32:24,361 WARN o.a.j.t.JMeterThread: The delay timer was interrupted - probably did not wait as long as intended.
2026-01-08 21:32:24,361 INFO o.a.j.t.JMeterThread: Thread finished: Patient Users (27 VUs) 1-5
2026-01-08 21:32:24,361 INFO o.a.j.t.JMeterThread: Stopping: Doctor Users (9 VUs) 2-1
2026-01-08 21:32:24,361 INFO o.a.j.t.JMeterThread: Thread finished: Patient Users (27 VUs) 1-22
2026-01-08 21:32:24,362 WARN o.a.j.t.JMeterThread: The delay timer was interrupted - probably did not wait as long as intended.
2026-01-08 21:32:24,361 INFO o.a.j.t.JMeterThread: Stopping: Doctor Users (9 VUs) 2-4
2026-01-08 21:32:24,362 INFO o.a.j.t.JMeterThread: Thread finished: Patient Users (27 VUs) 1-8
2026-01-08 21:32:24,361 INFO o.a.j.t.JMeterThread: Thread finished: Patient Users (27 VUs) 1-23
2026-01-08 21:32:24,362 INFO o.a.j.t.JMeterThread: Stopping: Doctor Users (9 VUs) 2-5
2026-01-08 21:32:24,362 INFO o.a.j.t.JMeterThread: Thread finished: Patient Users (27 VUs) 1-11
2026-01-08 21:32:24,362 INFO o.a.j.t.JMeterThread: Thread finished: Patient Users (27 VUs) 1-10
2026-01-08 21:32:24,362 INFO o.a.j.t.JMeterThread: Thread finished: Patient Users (27 VUs) 1-1
2026-01-08 21:32:24,362 INFO o.a.j.t.JMeterThread: Thread finished: Patient Users (27 VUs) 1-2
2026-01-08 21:32:24,362 INFO o.a.j.t.JMeterThread: Thread finished: Patient Users (27 VUs) 1-15
2026-01-08 21:32:24,362 WARN o.a.j.t.JMeterThread: The delay timer was interrupted - probably did not wait as long as intended.
2026-01-08 21:32:24,362 INFO o.a.j.t.JMeterThread: Thread finished: Patient Users (27 VUs) 1-6
2026-01-08 21:32:24,362 INFO o.a.j.t.JMeterThread: Thread finished: Doctor Users (9 VUs) 2-5
2026-01-08 21:32:24,361 INFO o.a.j.t.JMeterThread: Thread finished: Patient Users (27 VUs) 1-21
2026-01-08 21:32:24,361 WARN o.a.j.t.JMeterThread: The delay timer was interrupted - probably did not wait as long as intended.
2026-01-08 21:32:24,361 WARN o.a.j.t.JMeterThread: The delay timer was interrupted - probably did not wait as long as intended.
2026-01-08 21:32:24,361 WARN o.a.j.t.JMeterThread: The delay timer was interrupted - probably did not wait as long as intended.
2026-01-08 21:32:24,362 INFO o.a.j.t.JMeterThread: Thread finished: Doctor Users (9 VUs) 2-1
2026-01-08 21:32:24,362 INFO o.a.j.t.JMeterThread: Thread finished: Patient Users (27 VUs) 1-13
2026-01-08 21:32:24,362 INFO o.a.j.t.JMeterThread: Thread finished: Patient Users (27 VUs) 1-7
2026-01-08 21:32:24,362 INFO o.a.j.t.JMeterThread: Thread finished: Patient Users (27 VUs) 1-19
2026-01-08 21:32:24,361 WARN o.a.j.t.JMeterThread: The delay timer was interrupted - probably did not wait as long as intended.
2026-01-08 21:32:24,362 INFO o.a.j.t.JMeterThread: Thread finished: Patient Users (27 VUs) 1-12
2026-01-08 21:32:24,362 INFO o.a.j.t.JMeterThread: Thread finished: Patient Users (27 VUs) 1-25
2026-01-08 21:32:24,362 INFO o.a.j.t.JMeterThread: Thread finished: Patient Users (27 VUs) 1-27
2026-01-08 21:32:24,362 WARN o.a.j.t.JMeterThread: The delay timer was interrupted - probably did not wait as long as intended.
2026-01-08 21:32:24,362 INFO o.a.j.t.JMeterThread: Stopping: Doctor Users (9 VUs) 2-3
2026-01-08 21:32:24,362 INFO o.a.j.t.JMeterThread: Thread finished: Patient Users (27 VUs) 1-4
2026-01-08 21:32:24,362 INFO o.a.j.t.JMeterThread: Thread finished: Patient Users (27 VUs) 1-18
2026-01-08 21:32:24,363 INFO o.a.j.t.JMeterThread: Stopping: Doctor Users (9 VUs) 2-6
2026-01-08 21:32:24,363 INFO o.a.j.t.JMeterThread: Thread finished: Doctor Users (9 VUs) 2-4
2026-01-08 21:32:24,363 WARN o.a.j.t.JMeterThread: The delay timer was interrupted - probably did not wait as long as intended.
2026-01-08 21:32:24,362 INFO o.a.j.t.JMeterThread: Thread finished: Patient Users (27 VUs) 1-26
2026-01-08 21:32:24,363 INFO o.a.j.t.JMeterThread: Stopping: Doctor Users (9 VUs) 2-2
2026-01-08 21:32:24,363 WARN o.a.j.t.JMeterThread: The delay timer was interrupted - probably did not wait as long as intended.
2026-01-08 21:32:24,363 INFO o.a.j.t.JMeterThread: Thread finished: Doctor Users (9 VUs) 2-3
2026-01-08 21:32:24,363 INFO o.a.j.t.JMeterThread: Thread finished: Doctor Users (9 VUs) 2-6
2026-01-08 21:32:24,363 WARN o.a.j.t.JMeterThread: The delay timer was interrupted - probably did not wait as long as intended.
2026-01-08 21:32:24,363 INFO o.a.j.t.JMeterThread: Stopping: Doctor Users (9 VUs) 2-9
2026-01-08 21:32:24,363 INFO o.a.j.t.JMeterThread: Stopping: Doctor Users (9 VUs) 2-8
2026-01-08 21:32:24,364 INFO o.a.j.t.JMeterThread: Stopping: Nurse Users (7 VUs) 3-3
2026-01-08 21:32:24,364 WARN o.a.j.t.JMeterThread: The delay timer was interrupted - probably did not wait as long as intended.
2026-01-08 21:32:24,364 INFO o.a.j.t.JMeterThread: Thread finished: Doctor Users (9 VUs) 2-2
2026-01-08 21:32:24,364 WARN o.a.j.t.JMeterThread: The delay timer was interrupted - probably did not wait as long as intended.
2026-01-08 21:32:24,364 INFO o.a.j.t.JMeterThread: Stopping: Nurse Users (7 VUs) 3-6
2026-01-08 21:32:24,364 INFO o.a.j.t.JMeterThread: Thread finished: Doctor Users (9 VUs) 2-8
2026-01-08 21:32:24,364 INFO o.a.j.t.JMeterThread: Thread finished: Doctor Users (9 VUs) 2-9
2026-01-08 21:32:24,364 INFO o.a.j.t.JMeterThread: Stopping: Nurse Users (7 VUs) 3-2
2026-01-08 21:32:24,364 INFO o.a.j.t.JMeterThread: Stopping: Nurse Users (7 VUs) 3-7
2026-01-08 21:32:24,364 WARN o.a.j.t.JMeterThread: The delay timer was interrupted - probably did not wait as long as intended.
2026-01-08 21:32:24,364 INFO o.a.j.t.JMeterThread: Stopping: Nurse Users (7 VUs) 3-1
2026-01-08 21:32:24,364 INFO o.a.j.t.JMeterThread: Stopping: Nurse Users (7 VUs) 3-4
2026-01-08 21:32:24,364 INFO o.a.j.t.JMeterThread: Stopping: Nurse Users (7 VUs) 3-5
2026-01-08 21:32:24,364 WARN o.a.j.t.JMeterThread: The delay timer was interrupted - probably did not wait as long as intended.
2026-01-08 21:32:24,364 INFO o.a.j.t.JMeterThread: Stopping: Receptionist Users (6 VUs) 4-3
2026-01-08 21:32:24,364 INFO o.a.j.t.JMeterThread: Stopping: Receptionist Users (6 VUs) 4-1
2026-01-08 21:32:24,364 INFO o.a.j.t.JMeterThread: Stopping: Receptionist Users (6 VUs) 4-5
2026-01-08 21:32:24,364 WARN o.a.j.t.JMeterThread: The delay timer was interrupted - probably did not wait as long as intended.
2026-01-08 21:32:24,364 WARN o.a.j.t.JMeterThread: The delay timer was interrupted - probably did not wait as long as intended.
2026-01-08 21:32:24,364 WARN o.a.j.t.JMeterThread: The delay timer was interrupted - probably did not wait as long as intended.
2026-01-08 21:32:24,365 INFO o.a.j.t.JMeterThread: Thread finished: Nurse Users (7 VUs) 3-6
2026-01-08 21:32:24,365 INFO o.a.j.t.JMeterThread: Thread finished: Nurse Users (7 VUs) 3-7
2026-01-08 21:32:24,364 INFO o.a.j.t.JMeterThread: Thread finished: Nurse Users (7 VUs) 3-3
2026-01-08 21:32:24,364 WARN o.a.j.t.JMeterThread: The delay timer was interrupted - probably did not wait as long as intended.
2026-01-08 21:32:24,364 INFO o.a.j.t.JMeterThread: Stopping: Receptionist Users (6 VUs) 4-2
2026-01-08 21:32:24,365 INFO o.a.j.t.JMeterThread: Thread finished: Nurse Users (7 VUs) 3-4
2026-01-08 21:32:24,365 INFO o.a.j.t.JMeterThread: Stopping: Receptionist Users (6 VUs) 4-4
2026-01-08 21:32:24,365 INFO o.a.j.t.JMeterThread: Thread finished: Receptionist Users (6 VUs) 4-3
2026-01-08 21:32:24,365 INFO o.a.j.t.JMeterThread: Stopping: Receptionist Users (6 VUs) 4-6
2026-01-08 21:32:24,365 WARN o.a.j.t.JMeterThread: The delay timer was interrupted - probably did not wait as long as intended.
2026-01-08 21:32:24,365 INFO o.a.j.t.JMeterThread: Thread finished: Nurse Users (7 VUs) 3-2
2026-01-08 21:32:24,365 WARN o.a.j.t.JMeterThread: The delay timer was interrupted - probably did not wait as long as intended.
2026-01-08 21:32:24,364 WARN o.a.j.t.JMeterThread: The delay timer was interrupted - probably did not wait as long as intended.
2026-01-08 21:32:24,365 WARN o.a.j.t.JMeterThread: The delay timer was interrupted - probably did not wait as long as intended.
2026-01-08 21:32:24,365 INFO o.a.j.t.JMeterThread: Thread finished: Nurse Users (7 VUs) 3-5
2026-01-08 21:32:24,365 INFO o.a.j.t.JMeterThread: Thread finished: Receptionist Users (6 VUs) 4-5
2026-01-08 21:32:24,365 INFO o.a.j.t.JMeterThread: Thread finished: Receptionist Users (6 VUs) 4-1
2026-01-08 21:32:24,365 WARN o.a.j.t.JMeterThread: The delay timer was interrupted - probably did not wait as long as intended.
2026-01-08 21:32:24,365 WARN o.a.j.t.JMeterThread: The delay timer was interrupted - probably did not wait as long as intended.
2026-01-08 21:32:24,366 INFO o.a.j.t.JMeterThread: Thread finished: Receptionist Users (6 VUs) 4-2
2026-01-08 21:32:24,366 INFO o.a.j.t.JMeterThread: Thread finished: Receptionist Users (6 VUs) 4-4
2026-01-08 21:32:24,366 INFO o.a.j.t.JMeterThread: Stopping: Admin User (1 VU) 5-1
2026-01-08 21:32:24,366 WARN o.a.j.t.JMeterThread: The delay timer was interrupted - probably did not wait as long as intended.
2026-01-08 21:32:24,366 WARN o.a.j.t.JMeterThread: The delay timer was interrupted - probably did not wait as long as intended.
2026-01-08 21:32:24,366 INFO o.a.j.t.JMeterThread: Thread finished: Receptionist Users (6 VUs) 4-6
2026-01-08 21:32:24,366 INFO o.a.j.t.JMeterThread: Thread finished: Admin User (1 VU) 5-1
2026-01-08 21:32:24,366 INFO o.a.j.t.JMeterThread: Thread finished: Nurse Users (7 VUs) 3-1
2026-01-08 21:32:24,366 INFO o.a.j.e.StandardJMeterEngine: Notifying test listeners of end of test
2026-01-08 21:32:24,366 INFO o.a.j.s.FileServer: Close: d:\1_Hoc_Tap\1_1_Dai_Hoc\Tai_lieu_ki_1_nam_3\CongNghePhanMemChuyenSau\HMS-total\HMS_Backend\infrastructure\jmeter\data/nurse_credentials.csv
2026-01-08 21:32:24,367 INFO o.a.j.s.FileServer: Close: d:\1_Hoc_Tap\1_1_Dai_Hoc\Tai_lieu_ki_1_nam_3\CongNghePhanMemChuyenSau\HMS-total\HMS_Backend\infrastructure\jmeter\data/receptionist_credentials.csv
2026-01-08 21:32:24,367 INFO o.a.j.s.FileServer: Close: d:\1_Hoc_Tap\1_1_Dai_Hoc\Tai_lieu_ki_1_nam_3\CongNghePhanMemChuyenSau\HMS-total\HMS_Backend\infrastructure\jmeter\data/doctor_credentials.csv
2026-01-08 21:32:24,367 INFO o.a.j.s.FileServer: Close: d:\1_Hoc_Tap\1_1_Dai_Hoc\Tai_lieu_ki_1_nam_3\CongNghePhanMemChuyenSau\HMS-total\HMS_Backend\infrastructure\jmeter\data/patient_credentials.csv
2026-01-08 21:32:24,367 INFO o.a.j.g.u.JMeterMenuBar: setRunning(false, *local*)
2026-01-08 21:32:24,534 ERROR o.a.j.c.CSVDataSet: java.io.IOException: File never reserved: d:\1_Hoc_Tap\1_1_Dai_Hoc\Tai_lieu_ki_1_nam_3\CongNghePhanMemChuyenSau\HMS-total\HMS_Backend\infrastructure\jmeter\data/patient_credentials.csv
2026-01-08 21:32:24,689 ERROR o.a.j.c.CSVDataSet: java.io.IOException: File never reserved: d:\1_Hoc_Tap\1_1_Dai_Hoc\Tai_lieu_ki_1_nam_3\CongNghePhanMemChuyenSau\HMS-total\HMS_Backend\infrastructure\jmeter\data/patient_credentials.csv
2026-01-08 21:32:24,875 ERROR o.a.j.c.CSVDataSet: java.io.IOException: File never reserved: d:\1_Hoc_Tap\1_1_Dai_Hoc\Tai_lieu_ki_1_nam_3\CongNghePhanMemChuyenSau\HMS-total\HMS_Backend\infrastructure\jmeter\data/patient_credentials.csv
2026-01-08 21:32:30,165 ERROR o.a.j.c.CSVDataSet: java.io.IOException: File never reserved: d:\1_Hoc_Tap\1_1_Dai_Hoc\Tai_lieu_ki_1_nam_3\CongNghePhanMemChuyenSau\HMS-total\HMS_Backend\infrastructure\jmeter\data/patient_credentials.csv
2026-01-08 21:32:30,624 ERROR o.a.j.c.CSVDataSet: java.io.IOException: File never reserved: d:\1_Hoc_Tap\1_1_Dai_Hoc\Tai_lieu_ki_1_nam_3\CongNghePhanMemChuyenSau\HMS-total\HMS_Backend\infrastructure\jmeter\data/patient_credentials.csv
2026-01-08 21:32:30,867 ERROR o.a.j.c.CSVDataSet: java.io.IOException: File never reserved: d:\1_Hoc_Tap\1_1_Dai_Hoc\Tai_lieu_ki_1_nam_3\CongNghePhanMemChuyenSau\HMS-total\HMS_Backend\infrastructure\jmeter\data/patient_credentials.csv
2026-01-08 21:32:32,285 ERROR o.a.j.c.CSVDataSet: java.io.IOException: File never reserved: d:\1_Hoc_Tap\1_1_Dai_Hoc\Tai_lieu_ki_1_nam_3\CongNghePhanMemChuyenSau\HMS-total\HMS_Backend\infrastructure\jmeter\data/patient_credentials.csv
2026-01-08 21:32:34,592 ERROR o.a.j.c.CSVDataSet: java.io.IOException: File never reserved: d:\1_Hoc_Tap\1_1_Dai_Hoc\Tai_lieu_ki_1_nam_3\CongNghePhanMemChuyenSau\HMS-total\HMS_Backend\infrastructure\jmeter\data/nurse_credentials.csv
2026-01-08 21:32:35,257 ERROR o.a.j.c.CSVDataSet: java.io.IOException: File never reserved: d:\1_Hoc_Tap\1_1_Dai_Hoc\Tai_lieu_ki_1_nam_3\CongNghePhanMemChuyenSau\HMS-total\HMS_Backend\infrastructure\jmeter\data/patient_credentials.csv
2026-01-08 21:32:35,597 ERROR o.a.j.c.CSVDataSet: java.io.IOException: File never reserved: d:\1_Hoc_Tap\1_1_Dai_Hoc\Tai_lieu_ki_1_nam_3\CongNghePhanMemChuyenSau\HMS-total\HMS_Backend\infrastructure\jmeter\data/patient_credentials.csv
2026-01-08 21:32:36,117 ERROR o.a.j.c.CSVDataSet: java.io.IOException: File never reserved: d:\1_Hoc_Tap\1_1_Dai_Hoc\Tai_lieu_ki_1_nam_3\CongNghePhanMemChuyenSau\HMS-total\HMS_Backend\infrastructure\jmeter\data/patient_credentials.csv
2026-01-08 21:32:37,086 ERROR o.a.j.c.CSVDataSet: java.io.IOException: File never reserved: d:\1_Hoc_Tap\1_1_Dai_Hoc\Tai_lieu_ki_1_nam_3\CongNghePhanMemChuyenSau\HMS-total\HMS_Backend\infrastructure\jmeter\data/patient_credentials.csv
2026-01-08 21:32:37,543 ERROR o.a.j.c.CSVDataSet: java.io.IOException: File never reserved: d:\1_Hoc_Tap\1_1_Dai_Hoc\Tai_lieu_ki_1_nam_3\CongNghePhanMemChuyenSau\HMS-total\HMS_Backend\infrastructure\jmeter\data/patient_credentials.csv
2026-01-08 21:32:39,023 ERROR o.a.j.c.CSVDataSet: java.io.IOException: File never reserved: d:\1_Hoc_Tap\1_1_Dai_Hoc\Tai_lieu_ki_1_nam_3\CongNghePhanMemChuyenSau\HMS-total\HMS_Backend\infrastructure\jmeter\data/nurse_credentials.csv
2026-01-08 21:32:39,117 ERROR o.a.j.c.CSVDataSet: java.io.IOException: File never reserved: d:\1_Hoc_Tap\1_1_Dai_Hoc\Tai_lieu_ki_1_nam_3\CongNghePhanMemChuyenSau\HMS-total\HMS_Backend\infrastructure\jmeter\data/patient_credentials.csv
2026-01-08 21:32:39,232 ERROR o.a.j.c.CSVDataSet: java.io.IOException: File never reserved: d:\1_Hoc_Tap\1_1_Dai_Hoc\Tai_lieu_ki_1_nam_3\CongNghePhanMemChuyenSau\HMS-total\HMS_Backend\infrastructure\jmeter\data/nurse_credentials.csv
2026-01-08 21:32:39,522 ERROR o.a.j.c.CSVDataSet: java.io.IOException: File never reserved: d:\1_Hoc_Tap\1_1_Dai_Hoc\Tai_lieu_ki_1_nam_3\CongNghePhanMemChuyenSau\HMS-total\HMS_Backend\infrastructure\jmeter\data/patient_credentials.csv
2026-01-08 21:32:39,601 ERROR o.a.j.c.CSVDataSet: java.io.IOException: File never reserved: d:\1_Hoc_Tap\1_1_Dai_Hoc\Tai_lieu_ki_1_nam_3\CongNghePhanMemChuyenSau\HMS-total\HMS_Backend\infrastructure\jmeter\data/patient_credentials.csv
2026-01-08 21:32:39,856 ERROR o.a.j.c.CSVDataSet: java.io.IOException: File never reserved: d:\1_Hoc_Tap\1_1_Dai_Hoc\Tai_lieu_ki_1_nam_3\CongNghePhanMemChuyenSau\HMS-total\HMS_Backend\infrastructure\jmeter\data/receptionist_credentials.csv
2026-01-08 21:32:40,087 INFO o.a.j.u.JsseSSLManager: Using default SSL protocol: TLS
2026-01-08 21:32:40,087 INFO o.a.j.u.JsseSSLManager: SSL session context: per-thread
2026-01-08 21:32:40,169 ERROR o.a.j.c.CSVDataSet: java.io.IOException: File never reserved: d:\1_Hoc_Tap\1_1_Dai_Hoc\Tai_lieu_ki_1_nam_3\CongNghePhanMemChuyenSau\HMS-total\HMS_Backend\infrastructure\jmeter\data/nurse_credentials.csv
2026-01-08 21:32:40,997 ERROR o.a.j.c.CSVDataSet: java.io.IOException: File never reserved: d:\1_Hoc_Tap\1_1_Dai_Hoc\Tai_lieu_ki_1_nam_3\CongNghePhanMemChuyenSau\HMS-total\HMS_Backend\infrastructure\jmeter\data/nurse_credentials.csv
2026-01-08 21:32:43,963 ERROR o.a.j.c.CSVDataSet: java.io.IOException: File never reserved: d:\1_Hoc_Tap\1_1_Dai_Hoc\Tai_lieu_ki_1_nam_3\CongNghePhanMemChuyenSau\HMS-total\HMS_Backend\infrastructure\jmeter\data/patient_credentials.csv
2026-01-08 21:32:45,140 ERROR o.a.j.c.CSVDataSet: java.io.IOException: File never reserved: d:\1_Hoc_Tap\1_1_Dai_Hoc\Tai_lieu_ki_1_nam_3\CongNghePhanMemChuyenSau\HMS-total\HMS_Backend\infrastructure\jmeter\data/patient_credentials.csv
2026-01-08 21:32:45,277 ERROR o.a.j.c.CSVDataSet: java.io.IOException: File never reserved: d:\1_Hoc_Tap\1_1_Dai_Hoc\Tai_lieu_ki_1_nam_3\CongNghePhanMemChuyenSau\HMS-total\HMS_Backend\infrastructure\jmeter\data/nurse_credentials.csv
2026-01-08 21:32:45,499 ERROR o.a.j.c.CSVDataSet: java.io.IOException: File never reserved: d:\1_Hoc_Tap\1_1_Dai_Hoc\Tai_lieu_ki_1_nam_3\CongNghePhanMemChuyenSau\HMS-total\HMS_Backend\infrastructure\jmeter\data/patient_credentials.csv
2026-01-08 21:32:46,282 ERROR o.a.j.c.CSVDataSet: java.io.IOException: File never reserved: d:\1_Hoc_Tap\1_1_Dai_Hoc\Tai_lieu_ki_1_nam_3\CongNghePhanMemChuyenSau\HMS-total\HMS_Backend\infrastructure\jmeter\data/patient_credentials.csv
2026-01-08 21:32:47,336 ERROR o.a.j.c.CSVDataSet: java.io.IOException: File never reserved: d:\1_Hoc_Tap\1_1_Dai_Hoc\Tai_lieu_ki_1_nam_3\CongNghePhanMemChuyenSau\HMS-total\HMS_Backend\infrastructure\jmeter\data/patient_credentials.csv
2026-01-08 21:32:47,758 ERROR o.a.j.c.CSVDataSet: java.io.IOException: File never reserved: d:\1_Hoc_Tap\1_1_Dai_Hoc\Tai_lieu_ki_1_nam_3\CongNghePhanMemChuyenSau\HMS-total\HMS_Backend\infrastructure\jmeter\data/receptionist_credentials.csv
2026-01-08 21:32:48,728 ERROR o.a.j.c.CSVDataSet: java.io.IOException: File never reserved: d:\1_Hoc_Tap\1_1_Dai_Hoc\Tai_lieu_ki_1_nam_3\CongNghePhanMemChuyenSau\HMS-total\HMS_Backend\infrastructure\jmeter\data/receptionist_credentials.csv
2026-01-08 21:32:49,137 ERROR o.a.j.c.CSVDataSet: java.io.IOException: File never reserved: d:\1_Hoc_Tap\1_1_Dai_Hoc\Tai_lieu_ki_1_nam_3\CongNghePhanMemChuyenSau\HMS-total\HMS_Backend\infrastructure\jmeter\data/patient_credentials.csv
2026-01-08 21:32:49,478 ERROR o.a.j.c.CSVDataSet: java.io.IOException: File never reserved: d:\1_Hoc_Tap\1_1_Dai_Hoc\Tai_lieu_ki_1_nam_3\CongNghePhanMemChuyenSau\HMS-total\HMS_Backend\infrastructure\jmeter\data/receptionist_credentials.csv
2026-01-08 21:32:49,784 ERROR o.a.j.c.CSVDataSet: java.io.IOException: File never reserved: d:\1_Hoc_Tap\1_1_Dai_Hoc\Tai_lieu_ki_1_nam_3\CongNghePhanMemChuyenSau\HMS-total\HMS_Backend\infrastructure\jmeter\data/patient_credentials.csv
2026-01-08 21:32:51,229 ERROR o.a.j.c.CSVDataSet: java.io.IOException: File never reserved: d:\1_Hoc_Tap\1_1_Dai_Hoc\Tai_lieu_ki_1_nam_3\CongNghePhanMemChuyenSau\HMS-total\HMS_Backend\infrastructure\jmeter\data/patient_credentials.csv
2026-01-08 21:32:51,636 ERROR o.a.j.c.CSVDataSet: java.io.IOException: File never reserved: d:\1_Hoc_Tap\1_1_Dai_Hoc\Tai_lieu_ki_1_nam_3\CongNghePhanMemChuyenSau\HMS-total\HMS_Backend\infrastructure\jmeter\data/patient_credentials.csv
2026-01-08 21:32:55,981 ERROR o.a.j.c.CSVDataSet: java.io.IOException: File never reserved: d:\1_Hoc_Tap\1_1_Dai_Hoc\Tai_lieu_ki_1_nam_3\CongNghePhanMemChuyenSau\HMS-total\HMS_Backend\infrastructure\jmeter\data/receptionist_credentials.csv
2026-01-08 21:32:57,126 ERROR o.a.j.c.CSVDataSet: java.io.IOException: File never reserved: d:\1_Hoc_Tap\1_1_Dai_Hoc\Tai_lieu_ki_1_nam_3\CongNghePhanMemChuyenSau\HMS-total\HMS_Backend\infrastructure\jmeter\data/patient_credentials.csv
2026-01-08 21:32:58,251 ERROR o.a.j.c.CSVDataSet: java.io.IOException: File never reserved: d:\1_Hoc_Tap\1_1_Dai_Hoc\Tai_lieu_ki_1_nam_3\CongNghePhanMemChuyenSau\HMS-total\HMS_Backend\infrastructure\jmeter\data/patient_credentials.csv
2026-01-08 21:33:00,036 ERROR o.a.j.c.CSVDataSet: java.io.IOException: File never reserved: d:\1_Hoc_Tap\1_1_Dai_Hoc\Tai_lieu_ki_1_nam_3\CongNghePhanMemChuyenSau\HMS-total\HMS_Backend\infrastructure\jmeter\data/receptionist_credentials.csv
2026-01-08 21:33:22,129 ERROR o.a.j.c.CSVDataSet: java.io.IOException: File never reserved: d:\1_Hoc_Tap\1_1_Dai_Hoc\Tai_lieu_ki_1_nam_3\CongNghePhanMemChuyenSau\HMS-total\HMS_Backend\infrastructure\jmeter\data/nurse_credentials.csv
2026-01-08 21:33:25,787 ERROR o.a.j.c.CSVDataSet: java.io.IOException: File never reserved: d:\1_Hoc_Tap\1_1_Dai_Hoc\Tai_lieu_ki_1_nam_3\CongNghePhanMemChuyenSau\HMS-total\HMS_Backend\infrastructure\jmeter\data/patient_credentials.csv
2026-01-08 21:33:28,360 ERROR o.a.j.c.CSVDataSet: java.io.IOException: File never reserved: d:\1_Hoc_Tap\1_1_Dai_Hoc\Tai_lieu_ki_1_nam_3\CongNghePhanMemChuyenSau\HMS-total\HMS_Backend\infrastructure\jmeter\data/patient_credentials.csv
2026-01-08 21:33:28,957 ERROR o.a.j.c.CSVDataSet: java.io.IOException: File never reserved: d:\1_Hoc_Tap\1_1_Dai_Hoc\Tai_lieu_ki_1_nam_3\CongNghePhanMemChuyenSau\HMS-total\HMS_Backend\infrastructure\jmeter\data/nurse_credentials.csv
2026-01-08 21:33:30,772 ERROR o.a.j.c.CSVDataSet: java.io.IOException: File never reserved: d:\1_Hoc_Tap\1_1_Dai_Hoc\Tai_lieu_ki_1_nam_3\CongNghePhanMemChuyenSau\HMS-total\HMS_Backend\infrastructure\jmeter\data/patient_credentials.csv
2026-01-08 21:33:32,975 ERROR o.a.j.c.CSVDataSet: java.io.IOException: File never reserved: d:\1_Hoc_Tap\1_1_Dai_Hoc\Tai_lieu_ki_1_nam_3\CongNghePhanMemChuyenSau\HMS-total\HMS_Backend\infrastructure\jmeter\data/patient_credentials.csv
2026-01-08 21:33:33,086 ERROR o.a.j.c.CSVDataSet: java.io.IOException: File never reserved: d:\1_Hoc_Tap\1_1_Dai_Hoc\Tai_lieu_ki_1_nam_3\CongNghePhanMemChuyenSau\HMS-total\HMS_Backend\infrastructure\jmeter\data/patient_credentials.csv
2026-01-08 21:33:36,867 ERROR o.a.j.c.CSVDataSet: java.io.IOException: File never reserved: d:\1_Hoc_Tap\1_1_Dai_Hoc\Tai_lieu_ki_1_nam_3\CongNghePhanMemChuyenSau\HMS-total\HMS_Backend\infrastructure\jmeter\data/patient_credentials.csv
2026-01-08 21:33:36,882 ERROR o.a.j.c.CSVDataSet: java.io.IOException: File never reserved: d:\1_Hoc_Tap\1_1_Dai_Hoc\Tai_lieu_ki_1_nam_3\CongNghePhanMemChuyenSau\HMS-total\HMS_Backend\infrastructure\jmeter\data/patient_credentials.csv
2026-01-08 21:33:37,027 ERROR o.a.j.c.CSVDataSet: java.io.IOException: File never reserved: d:\1_Hoc_Tap\1_1_Dai_Hoc\Tai_lieu_ki_1_nam_3\CongNghePhanMemChuyenSau\HMS-total\HMS_Backend\infrastructure\jmeter\data/patient_credentials.csv
2026-01-08 21:33:37,721 ERROR o.a.j.c.CSVDataSet: java.io.IOException: File never reserved: d:\1_Hoc_Tap\1_1_Dai_Hoc\Tai_lieu_ki_1_nam_3\CongNghePhanMemChuyenSau\HMS-total\HMS_Backend\infrastructure\jmeter\data/nurse_credentials.csv
2026-01-08 21:33:38,772 ERROR o.a.j.c.CSVDataSet: java.io.IOException: File never reserved: d:\1_Hoc_Tap\1_1_Dai_Hoc\Tai_lieu_ki_1_nam_3\CongNghePhanMemChuyenSau\HMS-total\HMS_Backend\infrastructure\jmeter\data/patient_credentials.csv
2026-01-08 21:33:39,006 ERROR o.a.j.c.CSVDataSet: java.io.IOException: File never reserved: d:\1_Hoc_Tap\1_1_Dai_Hoc\Tai_lieu_ki_1_nam_3\CongNghePhanMemChuyenSau\HMS-total\HMS_Backend\infrastructure\jmeter\data/nurse_credentials.csv
2026-01-08 21:33:40,292 ERROR o.a.j.c.CSVDataSet: java.io.IOException: File never reserved: d:\1_Hoc_Tap\1_1_Dai_Hoc\Tai_lieu_ki_1_nam_3\CongNghePhanMemChuyenSau\HMS-total\HMS_Backend\infrastructure\jmeter\data/patient_credentials.csv
2026-01-08 21:33:40,584 ERROR o.a.j.c.CSVDataSet: java.io.IOException: File never reserved: d:\1_Hoc_Tap\1_1_Dai_Hoc\Tai_lieu_ki_1_nam_3\CongNghePhanMemChuyenSau\HMS-total\HMS_Backend\infrastructure\jmeter\data/doctor_credentials.csv
2026-01-08 21:33:41,731 ERROR o.a.j.c.CSVDataSet: java.io.IOException: File never reserved: d:\1_Hoc_Tap\1_1_Dai_Hoc\Tai_lieu_ki_1_nam_3\CongNghePhanMemChuyenSau\HMS-total\HMS_Backend\infrastructure\jmeter\data/nurse_credentials.csv
2026-01-08 21:33:42,295 ERROR o.a.j.c.CSVDataSet: java.io.IOException: File never reserved: d:\1_Hoc_Tap\1_1_Dai_Hoc\Tai_lieu_ki_1_nam_3\CongNghePhanMemChuyenSau\HMS-total\HMS_Backend\infrastructure\jmeter\data/patient_credentials.csv
2026-01-08 21:33:42,419 ERROR o.a.j.c.CSVDataSet: java.io.IOException: File never reserved: d:\1_Hoc_Tap\1_1_Dai_Hoc\Tai_lieu_ki_1_nam_3\CongNghePhanMemChuyenSau\HMS-total\HMS_Backend\infrastructure\jmeter\data/patient_credentials.csv
2026-01-08 21:33:42,540 ERROR o.a.j.c.CSVDataSet: java.io.IOException: File never reserved: d:\1_Hoc_Tap\1_1_Dai_Hoc\Tai_lieu_ki_1_nam_3\CongNghePhanMemChuyenSau\HMS-total\HMS_Backend\infrastructure\jmeter\data/patient_credentials.csv
2026-01-08 21:33:42,857 ERROR o.a.j.c.CSVDataSet: java.io.IOException: File never reserved: d:\1_Hoc_Tap\1_1_Dai_Hoc\Tai_lieu_ki_1_nam_3\CongNghePhanMemChuyenSau\HMS-total\HMS_Backend\infrastructure\jmeter\data/patient_credentials.csv
2026-01-08 21:33:44,061 ERROR o.a.j.c.CSVDataSet: java.io.IOException: File never reserved: d:\1_Hoc_Tap\1_1_Dai_Hoc\Tai_lieu_ki_1_nam_3\CongNghePhanMemChuyenSau\HMS-total\HMS_Backend\infrastructure\jmeter\data/patient_credentials.csv
2026-01-08 21:33:45,352 ERROR o.a.j.c.CSVDataSet: java.io.IOException: File never reserved: d:\1_Hoc_Tap\1_1_Dai_Hoc\Tai_lieu_ki_1_nam_3\CongNghePhanMemChuyenSau\HMS-total\HMS_Backend\infrastructure\jmeter\data/patient_credentials.csv
2026-01-08 21:33:45,399 ERROR o.a.j.c.CSVDataSet: java.io.IOException: File never reserved: d:\1_Hoc_Tap\1_1_Dai_Hoc\Tai_lieu_ki_1_nam_3\CongNghePhanMemChuyenSau\HMS-total\HMS_Backend\infrastructure\jmeter\data/patient_credentials.csv
2026-01-08 21:33:45,712 ERROR o.a.j.c.CSVDataSet: java.io.IOException: File never reserved: d:\1_Hoc_Tap\1_1_Dai_Hoc\Tai_lieu_ki_1_nam_3\CongNghePhanMemChuyenSau\HMS-total\HMS_Backend\infrastructure\jmeter\data/nurse_credentials.csv
2026-01-08 21:33:46,965 ERROR o.a.j.c.CSVDataSet: java.io.IOException: File never reserved: d:\1_Hoc_Tap\1_1_Dai_Hoc\Tai_lieu_ki_1_nam_3\CongNghePhanMemChuyenSau\HMS-total\HMS_Backend\infrastructure\jmeter\data/doctor_credentials.csv
2026-01-08 21:33:47,524 ERROR o.a.j.c.CSVDataSet: java.io.IOException: File never reserved: d:\1_Hoc_Tap\1_1_Dai_Hoc\Tai_lieu_ki_1_nam_3\CongNghePhanMemChuyenSau\HMS-total\HMS_Backend\infrastructure\jmeter\data/doctor_credentials.csv
2026-01-08 21:33:47,623 ERROR o.a.j.c.CSVDataSet: java.io.IOException: File never reserved: d:\1_Hoc_Tap\1_1_Dai_Hoc\Tai_lieu_ki_1_nam_3\CongNghePhanMemChuyenSau\HMS-total\HMS_Backend\infrastructure\jmeter\data/receptionist_credentials.csv
2026-01-08 21:33:49,448 ERROR o.a.j.c.CSVDataSet: java.io.IOException: File never reserved: d:\1_Hoc_Tap\1_1_Dai_Hoc\Tai_lieu_ki_1_nam_3\CongNghePhanMemChuyenSau\HMS-total\HMS_Backend\infrastructure\jmeter\data/patient_credentials.csv
2026-01-08 21:33:49,477 ERROR o.a.j.c.CSVDataSet: java.io.IOException: File never reserved: d:\1_Hoc_Tap\1_1_Dai_Hoc\Tai_lieu_ki_1_nam_3\CongNghePhanMemChuyenSau\HMS-total\HMS_Backend\infrastructure\jmeter\data/patient_credentials.csv
2026-01-08 21:33:49,503 ERROR o.a.j.c.CSVDataSet: java.io.IOException: File never reserved: d:\1_Hoc_Tap\1_1_Dai_Hoc\Tai_lieu_ki_1_nam_3\CongNghePhanMemChuyenSau\HMS-total\HMS_Backend\infrastructure\jmeter\data/patient_credentials.csv
2026-01-08 21:33:49,762 ERROR o.a.j.c.CSVDataSet: java.io.IOException: File never reserved: d:\1_Hoc_Tap\1_1_Dai_Hoc\Tai_lieu_ki_1_nam_3\CongNghePhanMemChuyenSau\HMS-total\HMS_Backend\infrastructure\jmeter\data/doctor_credentials.csv
2026-01-08 21:33:50,022 ERROR o.a.j.c.CSVDataSet: java.io.IOException: File never reserved: d:\1_Hoc_Tap\1_1_Dai_Hoc\Tai_lieu_ki_1_nam_3\CongNghePhanMemChuyenSau\HMS-total\HMS_Backend\infrastructure\jmeter\data/patient_credentials.csv
2026-01-08 21:33:50,074 ERROR o.a.j.c.CSVDataSet: java.io.IOException: File never reserved: d:\1_Hoc_Tap\1_1_Dai_Hoc\Tai_lieu_ki_1_nam_3\CongNghePhanMemChuyenSau\HMS-total\HMS_Backend\infrastructure\jmeter\data/receptionist_credentials.csv
2026-01-08 21:33:50,185 ERROR o.a.j.c.CSVDataSet: java.io.IOException: File never reserved: d:\1_Hoc_Tap\1_1_Dai_Hoc\Tai_lieu_ki_1_nam_3\CongNghePhanMemChuyenSau\HMS-total\HMS_Backend\infrastructure\jmeter\data/patient_credentials.csv
2026-01-08 21:33:50,437 ERROR o.a.j.c.CSVDataSet: java.io.IOException: File never reserved: d:\1_Hoc_Tap\1_1_Dai_Hoc\Tai_lieu_ki_1_nam_3\CongNghePhanMemChuyenSau\HMS-total\HMS_Backend\infrastructure\jmeter\data/patient_credentials.csv
2026-01-08 21:33:54,785 ERROR o.a.j.c.CSVDataSet: java.io.IOException: File never reserved: d:\1_Hoc_Tap\1_1_Dai_Hoc\Tai_lieu_ki_1_nam_3\CongNghePhanMemChuyenSau\HMS-total\HMS_Backend\infrastructure\jmeter\data/doctor_credentials.csv
2026-01-08 21:33:55,869 ERROR o.a.j.c.CSVDataSet: java.io.IOException: File never reserved: d:\1_Hoc_Tap\1_1_Dai_Hoc\Tai_lieu_ki_1_nam_3\CongNghePhanMemChuyenSau\HMS-total\HMS_Backend\infrastructure\jmeter\data/receptionist_credentials.csv
2026-01-08 21:33:55,943 ERROR o.a.j.c.CSVDataSet: java.io.IOException: File never reserved: d:\1_Hoc_Tap\1_1_Dai_Hoc\Tai_lieu_ki_1_nam_3\CongNghePhanMemChuyenSau\HMS-total\HMS_Backend\infrastructure\jmeter\data/receptionist_credentials.csv
2026-01-08 21:33:56,307 ERROR o.a.j.c.CSVDataSet: java.io.IOException: File never reserved: d:\1_Hoc_Tap\1_1_Dai_Hoc\Tai_lieu_ki_1_nam_3\CongNghePhanMemChuyenSau\HMS-total\HMS_Backend\infrastructure\jmeter\data/doctor_credentials.csv
2026-01-08 21:33:57,717 ERROR o.a.j.c.CSVDataSet: java.io.IOException: File never reserved: d:\1_Hoc_Tap\1_1_Dai_Hoc\Tai_lieu_ki_1_nam_3\CongNghePhanMemChuyenSau\HMS-total\HMS_Backend\infrastructure\jmeter\data/doctor_credentials.csv
2026-01-08 21:33:57,903 ERROR o.a.j.c.CSVDataSet: java.io.IOException: File never reserved: d:\1_Hoc_Tap\1_1_Dai_Hoc\Tai_lieu_ki_1_nam_3\CongNghePhanMemChuyenSau\HMS-total\HMS_Backend\infrastructure\jmeter\data/patient_credentials.csv
2026-01-08 21:33:58,986 ERROR o.a.j.c.CSVDataSet: java.io.IOException: File never reserved: d:\1_Hoc_Tap\1_1_Dai_Hoc\Tai_lieu_ki_1_nam_3\CongNghePhanMemChuyenSau\HMS-total\HMS_Backend\infrastructure\jmeter\data/patient_credentials.csv
2026-01-08 21:33:59,023 ERROR o.a.j.c.CSVDataSet: java.io.IOException: File never reserved: d:\1_Hoc_Tap\1_1_Dai_Hoc\Tai_lieu_ki_1_nam_3\CongNghePhanMemChuyenSau\HMS-total\HMS_Backend\infrastructure\jmeter\data/nurse_credentials.csv
2026-01-08 21:34:01,668 ERROR o.a.j.c.CSVDataSet: java.io.IOException: File never reserved: d:\1_Hoc_Tap\1_1_Dai_Hoc\Tai_lieu_ki_1_nam_3\CongNghePhanMemChuyenSau\HMS-total\HMS_Backend\infrastructure\jmeter\data/doctor_credentials.csv
2026-01-08 21:34:03,795 ERROR o.a.j.c.CSVDataSet: java.io.IOException: File never reserved: d:\1_Hoc_Tap\1_1_Dai_Hoc\Tai_lieu_ki_1_nam_3\CongNghePhanMemChuyenSau\HMS-total\HMS_Backend\infrastructure\jmeter\data/receptionist_credentials.csv
2026-01-08 21:34:04,615 ERROR o.a.j.c.CSVDataSet: java.io.IOException: File never reserved: d:\1_Hoc_Tap\1_1_Dai_Hoc\Tai_lieu_ki_1_nam_3\CongNghePhanMemChuyenSau\HMS-total\HMS_Backend\infrastructure\jmeter\data/patient_credentials.csv
2026-01-08 21:34:07,836 ERROR o.a.j.c.CSVDataSet: java.io.IOException: File never reserved: d:\1_Hoc_Tap\1_1_Dai_Hoc\Tai_lieu_ki_1_nam_3\CongNghePhanMemChuyenSau\HMS-total\HMS_Backend\infrastructure\jmeter\data/patient_credentials.csv
2026-01-08 21:34:08,229 ERROR o.a.j.c.CSVDataSet: java.io.IOException: File never reserved: d:\1_Hoc_Tap\1_1_Dai_Hoc\Tai_lieu_ki_1_nam_3\CongNghePhanMemChuyenSau\HMS-total\HMS_Backend\infrastructure\jmeter\data/doctor_credentials.csv
2026-01-08 21:34:08,811 ERROR o.a.j.c.CSVDataSet: java.io.IOException: File never reserved: d:\1_Hoc_Tap\1_1_Dai_Hoc\Tai_lieu_ki_1_nam_3\CongNghePhanMemChuyenSau\HMS-total\HMS_Backend\infrastructure\jmeter\data/receptionist_credentials.csv
2026-01-08 21:34:21,369 ERROR o.a.j.c.CSVDataSet: java.io.IOException: File never reserved: d:\1_Hoc_Tap\1_1_Dai_Hoc\Tai_lieu_ki_1_nam_3\CongNghePhanMemChuyenSau\HMS-total\HMS_Backend\infrastructure\jmeter\data/nurse_credentials.csv
2026-01-08 21:34:25,765 ERROR o.a.j.c.CSVDataSet: java.io.IOException: File never reserved: d:\1_Hoc_Tap\1_1_Dai_Hoc\Tai_lieu_ki_1_nam_3\CongNghePhanMemChuyenSau\HMS-total\HMS_Backend\infrastructure\jmeter\data/nurse_credentials.csv
2026-01-08 21:34:26,773 ERROR o.a.j.c.CSVDataSet: java.io.IOException: File never reserved: d:\1_Hoc_Tap\1_1_Dai_Hoc\Tai_lieu_ki_1_nam_3\CongNghePhanMemChuyenSau\HMS-total\HMS_Backend\infrastructure\jmeter\data/patient_credentials.csv
2026-01-08 21:34:30,831 ERROR o.a.j.c.CSVDataSet: java.io.IOException: File never reserved: d:\1_Hoc_Tap\1_1_Dai_Hoc\Tai_lieu_ki_1_nam_3\CongNghePhanMemChuyenSau\HMS-total\HMS_Backend\infrastructure\jmeter\data/patient_credentials.csv
2026-01-08 21:34:31,059 ERROR o.a.j.c.CSVDataSet: java.io.IOException: File never reserved: d:\1_Hoc_Tap\1_1_Dai_Hoc\Tai_lieu_ki_1_nam_3\CongNghePhanMemChuyenSau\HMS-total\HMS_Backend\infrastructure\jmeter\data/patient_credentials.csv
2026-01-08 21:34:35,347 ERROR o.a.j.c.CSVDataSet: java.io.IOException: File never reserved: d:\1_Hoc_Tap\1_1_Dai_Hoc\Tai_lieu_ki_1_nam_3\CongNghePhanMemChuyenSau\HMS-total\HMS_Backend\infrastructure\jmeter\data/patient_credentials.csv
2026-01-08 21:34:36,171 ERROR o.a.j.c.CSVDataSet: java.io.IOException: File never reserved: d:\1_Hoc_Tap\1_1_Dai_Hoc\Tai_lieu_ki_1_nam_3\CongNghePhanMemChuyenSau\HMS-total\HMS_Backend\infrastructure\jmeter\data/nurse_credentials.csv
2026-01-08 21:34:37,622 ERROR o.a.j.c.CSVDataSet: java.io.IOException: File never reserved: d:\1_Hoc_Tap\1_1_Dai_Hoc\Tai_lieu_ki_1_nam_3\CongNghePhanMemChuyenSau\HMS-total\HMS_Backend\infrastructure\jmeter\data/nurse_credentials.csv
2026-01-08 21:34:39,477 ERROR o.a.j.c.CSVDataSet: java.io.IOException: File never reserved: d:\1_Hoc_Tap\1_1_Dai_Hoc\Tai_lieu_ki_1_nam_3\CongNghePhanMemChuyenSau\HMS-total\HMS_Backend\infrastructure\jmeter\data/patient_credentials.csv
2026-01-08 21:34:41,096 ERROR o.a.j.c.CSVDataSet: java.io.IOException: File never reserved: d:\1_Hoc_Tap\1_1_Dai_Hoc\Tai_lieu_ki_1_nam_3\CongNghePhanMemChuyenSau\HMS-total\HMS_Backend\infrastructure\jmeter\data/patient_credentials.csv
2026-01-08 21:34:41,487 ERROR o.a.j.c.CSVDataSet: java.io.IOException: File never reserved: d:\1_Hoc_Tap\1_1_Dai_Hoc\Tai_lieu_ki_1_nam_3\CongNghePhanMemChuyenSau\HMS-total\HMS_Backend\infrastructure\jmeter\data/patient_credentials.csv
2026-01-08 21:34:42,092 ERROR o.a.j.c.CSVDataSet: java.io.IOException: File never reserved: d:\1_Hoc_Tap\1_1_Dai_Hoc\Tai_lieu_ki_1_nam_3\CongNghePhanMemChuyenSau\HMS-total\HMS_Backend\infrastructure\jmeter\data/patient_credentials.csv
2026-01-08 21:34:42,514 ERROR o.a.j.c.CSVDataSet: java.io.IOException: File never reserved: d:\1_Hoc_Tap\1_1_Dai_Hoc\Tai_lieu_ki_1_nam_3\CongNghePhanMemChuyenSau\HMS-total\HMS_Backend\infrastructure\jmeter\data/patient_credentials.csv
2026-01-08 21:34:43,136 ERROR o.a.j.c.CSVDataSet: java.io.IOException: File never reserved: d:\1_Hoc_Tap\1_1_Dai_Hoc\Tai_lieu_ki_1_nam_3\CongNghePhanMemChuyenSau\HMS-total\HMS_Backend\infrastructure\jmeter\data/nurse_credentials.csv
2026-01-08 21:34:43,829 ERROR o.a.j.c.CSVDataSet: java.io.IOException: File never reserved: d:\1_Hoc_Tap\1_1_Dai_Hoc\Tai_lieu_ki_1_nam_3\CongNghePhanMemChuyenSau\HMS-total\HMS_Backend\infrastructure\jmeter\data/patient_credentials.csv
2026-01-08 21:34:46,538 ERROR o.a.j.c.CSVDataSet: java.io.IOException: File never reserved: d:\1_Hoc_Tap\1_1_Dai_Hoc\Tai_lieu_ki_1_nam_3\CongNghePhanMemChuyenSau\HMS-total\HMS_Backend\infrastructure\jmeter\data/patient_credentials.csv
2026-01-08 21:34:46,794 ERROR o.a.j.c.CSVDataSet: java.io.IOException: File never reserved: d:\1_Hoc_Tap\1_1_Dai_Hoc\Tai_lieu_ki_1_nam_3\CongNghePhanMemChuyenSau\HMS-total\HMS_Backend\infrastructure\jmeter\data/nurse_credentials.csv
2026-01-08 21:34:47,018 ERROR o.a.j.c.CSVDataSet: java.io.IOException: File never reserved: d:\1_Hoc_Tap\1_1_Dai_Hoc\Tai_lieu_ki_1_nam_3\CongNghePhanMemChuyenSau\HMS-total\HMS_Backend\infrastructure\jmeter\data/patient_credentials.csv
2026-01-08 21:34:49,011 ERROR o.a.j.c.CSVDataSet: java.io.IOException: File never reserved: d:\1_Hoc_Tap\1_1_Dai_Hoc\Tai_lieu_ki_1_nam_3\CongNghePhanMemChuyenSau\HMS-total\HMS_Backend\infrastructure\jmeter\data/patient_credentials.csv
2026-01-08 21:34:49,190 ERROR o.a.j.c.CSVDataSet: java.io.IOException: File never reserved: d:\1_Hoc_Tap\1_1_Dai_Hoc\Tai_lieu_ki_1_nam_3\CongNghePhanMemChuyenSau\HMS-total\HMS_Backend\infrastructure\jmeter\data/patient_credentials.csv
2026-01-08 21:34:49,766 ERROR o.a.j.c.CSVDataSet: java.io.IOException: File never reserved: d:\1_Hoc_Tap\1_1_Dai_Hoc\Tai_lieu_ki_1_nam_3\CongNghePhanMemChuyenSau\HMS-total\HMS_Backend\infrastructure\jmeter\data/patient_credentials.csv
2026-01-08 21:34:52,005 ERROR o.a.j.c.CSVDataSet: java.io.IOException: File never reserved: d:\1_Hoc_Tap\1_1_Dai_Hoc\Tai_lieu_ki_1_nam_3\CongNghePhanMemChuyenSau\HMS-total\HMS_Backend\infrastructure\jmeter\data/patient_credentials.csv
2026-01-08 21:34:52,124 ERROR o.a.j.c.CSVDataSet: java.io.IOException: File never reserved: d:\1_Hoc_Tap\1_1_Dai_Hoc\Tai_lieu_ki_1_nam_3\CongNghePhanMemChuyenSau\HMS-total\HMS_Backend\infrastructure\jmeter\data/patient_credentials.csv
2026-01-08 21:34:52,190 ERROR o.a.j.c.CSVDataSet: java.io.IOException: File never reserved: d:\1_Hoc_Tap\1_1_Dai_Hoc\Tai_lieu_ki_1_nam_3\CongNghePhanMemChuyenSau\HMS-total\HMS_Backend\infrastructure\jmeter\data/patient_credentials.csv
2026-01-08 21:34:53,197 ERROR o.a.j.c.CSVDataSet: java.io.IOException: File never reserved: d:\1_Hoc_Tap\1_1_Dai_Hoc\Tai_lieu_ki_1_nam_3\CongNghePhanMemChuyenSau\HMS-total\HMS_Backend\infrastructure\jmeter\data/patient_credentials.csv
2026-01-08 21:34:54,436 ERROR o.a.j.c.CSVDataSet: java.io.IOException: File never reserved: d:\1_Hoc_Tap\1_1_Dai_Hoc\Tai_lieu_ki_1_nam_3\CongNghePhanMemChuyenSau\HMS-total\HMS_Backend\infrastructure\jmeter\data/receptionist_credentials.csv
2026-01-08 21:34:54,573 ERROR o.a.j.c.CSVDataSet: java.io.IOException: File never reserved: d:\1_Hoc_Tap\1_1_Dai_Hoc\Tai_lieu_ki_1_nam_3\CongNghePhanMemChuyenSau\HMS-total\HMS_Backend\infrastructure\jmeter\data/patient_credentials.csv
2026-01-08 21:34:55,062 ERROR o.a.j.c.CSVDataSet: java.io.IOException: File never reserved: d:\1_Hoc_Tap\1_1_Dai_Hoc\Tai_lieu_ki_1_nam_3\CongNghePhanMemChuyenSau\HMS-total\HMS_Backend\infrastructure\jmeter\data/receptionist_credentials.csv
2026-01-08 21:34:55,121 ERROR o.a.j.c.CSVDataSet: java.io.IOException: File never reserved: d:\1_Hoc_Tap\1_1_Dai_Hoc\Tai_lieu_ki_1_nam_3\CongNghePhanMemChuyenSau\HMS-total\HMS_Backend\infrastructure\jmeter\data/patient_credentials.csv
2026-01-08 21:34:56,702 ERROR o.a.j.c.CSVDataSet: java.io.IOException: File never reserved: d:\1_Hoc_Tap\1_1_Dai_Hoc\Tai_lieu_ki_1_nam_3\CongNghePhanMemChuyenSau\HMS-total\HMS_Backend\infrastructure\jmeter\data/patient_credentials.csv
2026-01-08 21:34:57,113 ERROR o.a.j.c.CSVDataSet: java.io.IOException: File never reserved: d:\1_Hoc_Tap\1_1_Dai_Hoc\Tai_lieu_ki_1_nam_3\CongNghePhanMemChuyenSau\HMS-total\HMS_Backend\infrastructure\jmeter\data/patient_credentials.csv
2026-01-08 21:34:57,818 ERROR o.a.j.c.CSVDataSet: java.io.IOException: File never reserved: d:\1_Hoc_Tap\1_1_Dai_Hoc\Tai_lieu_ki_1_nam_3\CongNghePhanMemChuyenSau\HMS-total\HMS_Backend\infrastructure\jmeter\data/nurse_credentials.csv
2026-01-08 21:35:01,580 ERROR o.a.j.c.CSVDataSet: java.io.IOException: File never reserved: d:\1_Hoc_Tap\1_1_Dai_Hoc\Tai_lieu_ki_1_nam_3\CongNghePhanMemChuyenSau\HMS-total\HMS_Backend\infrastructure\jmeter\data/patient_credentials.csv
2026-01-08 21:35:03,844 ERROR o.a.j.c.CSVDataSet: java.io.IOException: File never reserved: d:\1_Hoc_Tap\1_1_Dai_Hoc\Tai_lieu_ki_1_nam_3\CongNghePhanMemChuyenSau\HMS-total\HMS_Backend\infrastructure\jmeter\data/receptionist_credentials.csv
2026-01-08 21:35:04,186 ERROR o.a.j.c.CSVDataSet: java.io.IOException: File never reserved: d:\1_Hoc_Tap\1_1_Dai_Hoc\Tai_lieu_ki_1_nam_3\CongNghePhanMemChuyenSau\HMS-total\HMS_Backend\infrastructure\jmeter\data/receptionist_credentials.csv
2026-01-08 21:35:04,212 ERROR o.a.j.c.CSVDataSet: java.io.IOException: File never reserved: d:\1_Hoc_Tap\1_1_Dai_Hoc\Tai_lieu_ki_1_nam_3\CongNghePhanMemChuyenSau\HMS-total\HMS_Backend\infrastructure\jmeter\data/patient_credentials.csv
2026-01-08 21:35:06,809 ERROR o.a.j.c.CSVDataSet: java.io.IOException: File never reserved: d:\1_Hoc_Tap\1_1_Dai_Hoc\Tai_lieu_ki_1_nam_3\CongNghePhanMemChuyenSau\HMS-total\HMS_Backend\infrastructure\jmeter\data/receptionist_credentials.csv
2026-01-08 21:35:08,180 INFO o.a.j.e.StandardJMeterEngine: Running the test!
2026-01-08 21:35:08,180 INFO o.a.j.s.SampleEvent: List of sample_variables: []
2026-01-08 21:35:08,181 INFO o.a.j.g.u.JMeterMenuBar: setRunning(true, *local*)
2026-01-08 21:35:08,215 INFO o.a.j.e.StandardJMeterEngine: Starting ThreadGroup: 1 : Patient Users (27 VUs)
2026-01-08 21:35:08,215 INFO o.a.j.e.StandardJMeterEngine: Starting 27 threads for group Patient Users (27 VUs).
2026-01-08 21:35:08,215 INFO o.a.j.e.StandardJMeterEngine: Thread will continue on error
2026-01-08 21:35:08,215 INFO o.a.j.t.ThreadGroup: Starting thread group... number=1 threads=27 ramp-up=30 delayedStart=false
2026-01-08 21:35:08,216 INFO o.a.j.t.JMeterThread: Thread started: Patient Users (27 VUs) 1-1
2026-01-08 21:35:08,216 INFO o.a.j.s.FileServer: Stored: d:\1_Hoc_Tap\1_1_Dai_Hoc\Tai_lieu_ki_1_nam_3\CongNghePhanMemChuyenSau\HMS-total\HMS_Backend\infrastructure\jmeter\data/patient_credentials.csv
2026-01-08 21:35:08,220 INFO o.a.j.t.ThreadGroup: Started thread group number 1
2026-01-08 21:35:08,220 INFO o.a.j.e.StandardJMeterEngine: Starting ThreadGroup: 2 : Doctor Users (9 VUs)
2026-01-08 21:35:08,220 INFO o.a.j.e.StandardJMeterEngine: Starting 9 threads for group Doctor Users (9 VUs).
2026-01-08 21:35:08,220 INFO o.a.j.e.StandardJMeterEngine: Thread will continue on error
2026-01-08 21:35:08,220 INFO o.a.j.t.ThreadGroup: Starting thread group... number=2 threads=9 ramp-up=15 delayedStart=false
2026-01-08 21:35:08,221 INFO o.a.j.t.ThreadGroup: Started thread group number 2
2026-01-08 21:35:08,221 INFO o.a.j.e.StandardJMeterEngine: Starting ThreadGroup: 3 : Nurse Users (7 VUs)
2026-01-08 21:35:08,221 INFO o.a.j.e.StandardJMeterEngine: Starting 7 threads for group Nurse Users (7 VUs).
2026-01-08 21:35:08,221 INFO o.a.j.e.StandardJMeterEngine: Thread will continue on error
2026-01-08 21:35:08,221 INFO o.a.j.t.ThreadGroup: Starting thread group... number=3 threads=7 ramp-up=15 delayedStart=false
2026-01-08 21:35:08,222 INFO o.a.j.t.ThreadGroup: Started thread group number 3
2026-01-08 21:35:08,222 INFO o.a.j.e.StandardJMeterEngine: Starting ThreadGroup: 4 : Receptionist Users (6 VUs)
2026-01-08 21:35:08,222 INFO o.a.j.e.StandardJMeterEngine: Starting 6 threads for group Receptionist Users (6 VUs).
2026-01-08 21:35:08,222 INFO o.a.j.e.StandardJMeterEngine: Thread will continue on error
2026-01-08 21:35:08,222 INFO o.a.j.t.ThreadGroup: Starting thread group... number=4 threads=6 ramp-up=15 delayedStart=false
2026-01-08 21:35:08,224 INFO o.a.j.t.ThreadGroup: Started thread group number 4
2026-01-08 21:35:08,224 INFO o.a.j.e.StandardJMeterEngine: Starting ThreadGroup: 5 : Admin User (1 VU)
2026-01-08 21:35:08,224 INFO o.a.j.e.StandardJMeterEngine: Starting 1 threads for group Admin User (1 VU).
2026-01-08 21:35:08,224 INFO o.a.j.e.StandardJMeterEngine: Thread will continue on error
2026-01-08 21:35:08,224 INFO o.a.j.t.ThreadGroup: Starting thread group... number=5 threads=1 ramp-up=5 delayedStart=false
2026-01-08 21:35:08,225 INFO o.a.j.t.ThreadGroup: Started thread group number 5
2026-01-08 21:35:08,225 INFO o.a.j.e.StandardJMeterEngine: All thread groups have been started
2026-01-08 21:35:09,248 INFO o.a.j.g.a.Start: Stopping test
2026-01-08 21:35:09,255 INFO o.a.j.t.JMeterThread: Stopping: Patient Users (27 VUs) 1-6
2026-01-08 21:35:09,255 INFO o.a.j.t.JMeterThread: Stopping: Patient Users (27 VUs) 1-5
2026-01-08 21:35:09,255 INFO o.a.j.t.JMeterThread: Stopping: Patient Users (27 VUs) 1-18
2026-01-08 21:35:09,255 INFO o.a.j.t.JMeterThread: Stopping: Patient Users (27 VUs) 1-21
2026-01-08 21:35:09,255 INFO o.a.j.t.JMeterThread: Stopping: Patient Users (27 VUs) 1-3
2026-01-08 21:35:09,255 INFO o.a.j.t.JMeterThread: Stopping: Patient Users (27 VUs) 1-12
2026-01-08 21:35:09,255 INFO o.a.j.t.JMeterThread: Stopping: Patient Users (27 VUs) 1-22
2026-01-08 21:35:09,255 INFO o.a.j.t.JMeterThread: Stopping: Patient Users (27 VUs) 1-2
2026-01-08 21:35:09,255 INFO o.a.j.t.JMeterThread: Thread started: Patient Users (27 VUs) 1-6
2026-01-08 21:35:09,255 INFO o.a.j.t.JMeterThread: Stopping: Patient Users (27 VUs) 1-20
2026-01-08 21:35:09,255 INFO o.a.j.t.JMeterThread: Thread started: Patient Users (27 VUs) 1-18
2026-01-08 21:35:09,255 INFO o.a.j.t.JMeterThread: Thread started: Patient Users (27 VUs) 1-3
2026-01-08 21:35:09,255 INFO o.a.j.t.JMeterThread: Thread finished: Patient Users (27 VUs) 1-6
2026-01-08 21:35:09,255 INFO o.a.j.t.JMeterThread: Thread started: Patient Users (27 VUs) 1-21
2026-01-08 21:35:09,255 INFO o.a.j.t.JMeterThread: Thread finished: Patient Users (27 VUs) 1-18
2026-01-08 21:35:09,255 INFO o.a.j.t.JMeterThread: Stopping: Patient Users (27 VUs) 1-15
2026-01-08 21:35:09,255 INFO o.a.j.t.JMeterThread: Thread started: Patient Users (27 VUs) 1-5
2026-01-08 21:35:09,255 INFO o.a.j.t.JMeterThread: Thread started: Patient Users (27 VUs) 1-22
2026-01-08 21:35:09,255 INFO o.a.j.t.JMeterThread: Thread finished: Patient Users (27 VUs) 1-3
2026-01-08 21:35:09,255 INFO o.a.j.t.JMeterThread: Thread started: Patient Users (27 VUs) 1-15
2026-01-08 21:35:09,255 INFO o.a.j.t.JMeterThread: Thread finished: Patient Users (27 VUs) 1-22
2026-01-08 21:35:09,255 INFO o.a.j.t.JMeterThread: Thread finished: Patient Users (27 VUs) 1-5
2026-01-08 21:35:09,255 INFO o.a.j.t.JMeterThread: Thread started: Patient Users (27 VUs) 1-12
2026-01-08 21:35:09,255 INFO o.a.j.t.JMeterThread: Stopping: Patient Users (27 VUs) 1-10
2026-01-08 21:35:09,255 INFO o.a.j.t.JMeterThread: Thread started: Patient Users (27 VUs) 1-20
2026-01-08 21:35:09,255 INFO o.a.j.t.JMeterThread: Stopping: Patient Users (27 VUs) 1-25
2026-01-08 21:35:09,255 INFO o.a.j.t.JMeterThread: Thread finished: Patient Users (27 VUs) 1-12
2026-01-08 21:35:09,255 INFO o.a.j.t.JMeterThread: Stopping: Patient Users (27 VUs) 1-19
2026-01-08 21:35:09,255 INFO o.a.j.t.JMeterThread: Thread finished: Patient Users (27 VUs) 1-15
2026-01-08 21:35:09,255 INFO o.a.j.t.JMeterThread: Stopping: Patient Users (27 VUs) 1-9
2026-01-08 21:35:09,255 INFO o.a.j.t.JMeterThread: Thread started: Patient Users (27 VUs) 1-10
2026-01-08 21:35:09,255 INFO o.a.j.t.JMeterThread: Thread started: Patient Users (27 VUs) 1-25
2026-01-08 21:35:09,255 INFO o.a.j.t.JMeterThread: Thread finished: Patient Users (27 VUs) 1-10
2026-01-08 21:35:09,255 INFO o.a.j.t.JMeterThread: Thread finished: Patient Users (27 VUs) 1-25
2026-01-08 21:35:09,255 INFO o.a.j.t.JMeterThread: Thread started: Patient Users (27 VUs) 1-2
2026-01-08 21:35:09,255 INFO o.a.j.t.JMeterThread: Thread started: Patient Users (27 VUs) 1-19
2026-01-08 21:35:09,255 INFO o.a.j.t.JMeterThread: Thread finished: Patient Users (27 VUs) 1-2
2026-01-08 21:35:09,255 INFO o.a.j.t.JMeterThread: Thread finished: Patient Users (27 VUs) 1-19
2026-01-08 21:35:09,255 INFO o.a.j.t.JMeterThread: Stopping: Patient Users (27 VUs) 1-7
2026-01-08 21:35:09,255 INFO o.a.j.t.JMeterThread: Stopping: Patient Users (27 VUs) 1-4
2026-01-08 21:35:09,256 INFO o.a.j.t.JMeterThread: Stopping: Patient Users (27 VUs) 1-24
2026-01-08 21:35:09,255 INFO o.a.j.t.JMeterThread: Thread started: Patient Users (27 VUs) 1-9
2026-01-08 21:35:09,255 INFO o.a.j.t.JMeterThread: Thread finished: Patient Users (27 VUs) 1-21
2026-01-08 21:35:09,256 INFO o.a.j.t.JMeterThread: Stopping: Patient Users (27 VUs) 1-26
2026-01-08 21:35:09,256 INFO o.a.j.t.JMeterThread: Thread finished: Patient Users (27 VUs) 1-9
2026-01-08 21:35:09,256 INFO o.a.j.t.JMeterThread: Thread started: Patient Users (27 VUs) 1-24
2026-01-08 21:35:09,256 INFO o.a.j.t.JMeterThread: Thread finished: Patient Users (27 VUs) 1-24
2026-01-08 21:35:09,256 INFO o.a.j.t.JMeterThread: Thread started: Patient Users (27 VUs) 1-7
2026-01-08 21:35:09,256 INFO o.a.j.t.JMeterThread: Thread finished: Patient Users (27 VUs) 1-20
2026-01-08 21:35:09,256 INFO o.a.j.t.JMeterThread: Stopping: Patient Users (27 VUs) 1-17
2026-01-08 21:35:09,256 INFO o.a.j.t.JMeterThread: Stopping: Patient Users (27 VUs) 1-16
2026-01-08 21:35:09,256 INFO o.a.j.t.JMeterThread: Stopping: Patient Users (27 VUs) 1-27
2026-01-08 21:35:09,256 INFO o.a.j.t.JMeterThread: Thread finished: Patient Users (27 VUs) 1-7
2026-01-08 21:35:09,256 INFO o.a.j.t.JMeterThread: Thread started: Patient Users (27 VUs) 1-17
2026-01-08 21:35:09,256 INFO o.a.j.t.JMeterThread: Thread started: Patient Users (27 VUs) 1-4
2026-01-08 21:35:09,256 INFO o.a.j.t.JMeterThread: Stopping: Patient Users (27 VUs) 1-13
2026-01-08 21:35:09,256 INFO o.a.j.t.JMeterThread: Thread finished: Patient Users (27 VUs) 1-17
2026-01-08 21:35:09,256 INFO o.a.j.t.JMeterThread: Thread finished: Patient Users (27 VUs) 1-4
2026-01-08 21:35:09,256 INFO o.a.j.t.JMeterThread: Stopping: Patient Users (27 VUs) 1-8
2026-01-08 21:35:09,256 INFO o.a.j.t.JMeterThread: Thread started: Patient Users (27 VUs) 1-16
2026-01-08 21:35:09,256 INFO o.a.j.t.JMeterThread: Thread finished: Patient Users (27 VUs) 1-16
2026-01-08 21:35:09,256 INFO o.a.j.t.JMeterThread: Stopping: Patient Users (27 VUs) 1-11
2026-01-08 21:35:09,256 INFO o.a.j.t.JMeterThread: Stopping: Patient Users (27 VUs) 1-14
2026-01-08 21:35:09,256 INFO o.a.j.t.JMeterThread: Thread started: Patient Users (27 VUs) 1-27
2026-01-08 21:35:09,256 INFO o.a.j.t.JMeterThread: Thread started: Patient Users (27 VUs) 1-8
2026-01-08 21:35:09,257 INFO o.a.j.t.JMeterThread: Thread started: Patient Users (27 VUs) 1-13
2026-01-08 21:35:09,257 INFO o.a.j.t.JMeterThread: Thread finished: Patient Users (27 VUs) 1-8
2026-01-08 21:35:09,257 INFO o.a.j.t.JMeterThread: Thread finished: Patient Users (27 VUs) 1-13
2026-01-08 21:35:09,256 INFO o.a.j.t.JMeterThread: Thread started: Patient Users (27 VUs) 1-26
2026-01-08 21:35:09,257 INFO o.a.j.t.JMeterThread: Thread started: Patient Users (27 VUs) 1-11
2026-01-08 21:35:09,257 INFO o.a.j.t.JMeterThread: Thread started: Patient Users (27 VUs) 1-14
2026-01-08 21:35:09,257 INFO o.a.j.t.JMeterThread: Thread finished: Patient Users (27 VUs) 1-26
2026-01-08 21:35:09,257 INFO o.a.j.t.JMeterThread: Thread finished: Patient Users (27 VUs) 1-14
2026-01-08 21:35:09,257 INFO o.a.j.t.JMeterThread: Thread finished: Patient Users (27 VUs) 1-27
2026-01-08 21:35:09,257 INFO o.a.j.t.JMeterThread: Stopping: Patient Users (27 VUs) 1-1
2026-01-08 21:35:09,257 INFO o.a.j.t.JMeterThread: Stopping: Patient Users (27 VUs) 1-23
2026-01-08 21:35:09,257 INFO o.a.j.t.JMeterThread: Stopping: Doctor Users (9 VUs) 2-4
2026-01-08 21:35:09,257 WARN o.a.j.t.JMeterThread: The delay timer was interrupted - probably did not wait as long as intended.
2026-01-08 21:35:09,257 INFO o.a.j.t.JMeterThread: Thread finished: Patient Users (27 VUs) 1-11
2026-01-08 21:35:09,257 INFO o.a.j.t.JMeterThread: Stopping: Doctor Users (9 VUs) 2-1
2026-01-08 21:35:09,257 INFO o.a.j.t.JMeterThread: Thread started: Patient Users (27 VUs) 1-23
2026-01-08 21:35:09,257 INFO o.a.j.t.JMeterThread: Thread finished: Patient Users (27 VUs) 1-1
2026-01-08 21:35:09,257 INFO o.a.j.t.JMeterThread: Thread started: Doctor Users (9 VUs) 2-1
2026-01-08 21:35:09,257 INFO o.a.j.t.JMeterThread: Thread finished: Patient Users (27 VUs) 1-23
2026-01-08 21:35:09,257 INFO o.a.j.t.JMeterThread: Thread finished: Doctor Users (9 VUs) 2-1
2026-01-08 21:35:09,257 INFO o.a.j.t.JMeterThread: Thread started: Doctor Users (9 VUs) 2-4
2026-01-08 21:35:09,257 INFO o.a.j.t.JMeterThread: Stopping: Doctor Users (9 VUs) 2-6
2026-01-08 21:35:09,257 INFO o.a.j.t.JMeterThread: Thread finished: Doctor Users (9 VUs) 2-4
2026-01-08 21:35:09,257 INFO o.a.j.t.JMeterThread: Stopping: Doctor Users (9 VUs) 2-5
2026-01-08 21:35:09,257 INFO o.a.j.t.JMeterThread: Stopping: Doctor Users (9 VUs) 2-8
2026-01-08 21:35:09,257 INFO o.a.j.t.JMeterThread: Stopping: Doctor Users (9 VUs) 2-9
2026-01-08 21:35:09,257 INFO o.a.j.t.JMeterThread: Stopping: Doctor Users (9 VUs) 2-3
2026-01-08 21:35:09,257 INFO o.a.j.t.JMeterThread: Thread started: Doctor Users (9 VUs) 2-6
2026-01-08 21:35:09,257 INFO o.a.j.t.JMeterThread: Thread started: Doctor Users (9 VUs) 2-5
2026-01-08 21:35:09,257 INFO o.a.j.t.JMeterThread: Thread finished: Doctor Users (9 VUs) 2-5
2026-01-08 21:35:09,257 INFO o.a.j.t.JMeterThread: Thread finished: Doctor Users (9 VUs) 2-6
2026-01-08 21:35:09,257 INFO o.a.j.t.JMeterThread: Thread started: Doctor Users (9 VUs) 2-9
2026-01-08 21:35:09,257 INFO o.a.j.t.JMeterThread: Stopping: Doctor Users (9 VUs) 2-2
2026-01-08 21:35:09,257 INFO o.a.j.t.JMeterThread: Thread finished: Doctor Users (9 VUs) 2-9
2026-01-08 21:35:09,257 INFO o.a.j.t.JMeterThread: Thread started: Doctor Users (9 VUs) 2-3
2026-01-08 21:35:09,257 INFO o.a.j.t.JMeterThread: Thread started: Doctor Users (9 VUs) 2-8
2026-01-08 21:35:09,257 INFO o.a.j.t.JMeterThread: Stopping: Doctor Users (9 VUs) 2-7
2026-01-08 21:35:09,257 INFO o.a.j.t.JMeterThread: Thread finished: Doctor Users (9 VUs) 2-8
2026-01-08 21:35:09,257 INFO o.a.j.t.JMeterThread: Stopping: Nurse Users (7 VUs) 3-6
2026-01-08 21:35:09,257 INFO o.a.j.t.JMeterThread: Stopping: Nurse Users (7 VUs) 3-7
2026-01-08 21:35:09,257 INFO o.a.j.t.JMeterThread: Thread started: Doctor Users (9 VUs) 2-7
2026-01-08 21:35:09,257 INFO o.a.j.t.JMeterThread: Stopping: Nurse Users (7 VUs) 3-4
2026-01-08 21:35:09,257 INFO o.a.j.t.JMeterThread: Stopping: Nurse Users (7 VUs) 3-2
2026-01-08 21:35:09,257 INFO o.a.j.t.JMeterThread: Thread finished: Doctor Users (9 VUs) 2-7
2026-01-08 21:35:09,257 INFO o.a.j.t.JMeterThread: Stopping: Nurse Users (7 VUs) 3-3
2026-01-08 21:35:09,257 INFO o.a.j.t.JMeterThread: Thread finished: Doctor Users (9 VUs) 2-3
2026-01-08 21:35:09,257 INFO o.a.j.t.JMeterThread: Thread started: Doctor Users (9 VUs) 2-2
2026-01-08 21:35:09,257 INFO o.a.j.t.JMeterThread: Thread started: Nurse Users (7 VUs) 3-7
2026-01-08 21:35:09,257 INFO o.a.j.t.JMeterThread: Thread started: Nurse Users (7 VUs) 3-4
2026-01-08 21:35:09,257 INFO o.a.j.t.JMeterThread: Thread finished: Doctor Users (9 VUs) 2-2
2026-01-08 21:35:09,257 INFO o.a.j.t.JMeterThread: Thread started: Nurse Users (7 VUs) 3-6
2026-01-08 21:35:09,257 INFO o.a.j.t.JMeterThread: Thread finished: Nurse Users (7 VUs) 3-4
2026-01-08 21:35:09,257 INFO o.a.j.t.JMeterThread: Thread started: Nurse Users (7 VUs) 3-3
2026-01-08 21:35:09,257 INFO o.a.j.t.JMeterThread: Stopping: Nurse Users (7 VUs) 3-5
2026-01-08 21:35:09,257 INFO o.a.j.t.JMeterThread: Stopping: Nurse Users (7 VUs) 3-1
2026-01-08 21:35:09,257 INFO o.a.j.t.JMeterThread: Thread finished: Nurse Users (7 VUs) 3-6
2026-01-08 21:35:09,257 INFO o.a.j.t.JMeterThread: Thread started: Nurse Users (7 VUs) 3-2
2026-01-08 21:35:09,257 INFO o.a.j.t.JMeterThread: Stopping: Receptionist Users (6 VUs) 4-1
2026-01-08 21:35:09,257 INFO o.a.j.t.JMeterThread: Stopping: Receptionist Users (6 VUs) 4-3
2026-01-08 21:35:09,257 INFO o.a.j.t.JMeterThread: Thread finished: Nurse Users (7 VUs) 3-7
2026-01-08 21:35:09,257 INFO o.a.j.t.JMeterThread: Thread started: Nurse Users (7 VUs) 3-1
2026-01-08 21:35:09,257 INFO o.a.j.t.JMeterThread: Thread finished: Nurse Users (7 VUs) 3-1
2026-01-08 21:35:09,257 INFO o.a.j.t.JMeterThread: Thread finished: Nurse Users (7 VUs) 3-3
2026-01-08 21:35:09,257 INFO o.a.j.t.JMeterThread: Thread started: Nurse Users (7 VUs) 3-5
2026-01-08 21:35:09,257 INFO o.a.j.t.JMeterThread: Thread finished: Nurse Users (7 VUs) 3-2
2026-01-08 21:35:09,257 INFO o.a.j.t.JMeterThread: Thread started: Receptionist Users (6 VUs) 4-1
2026-01-08 21:35:09,257 INFO o.a.j.t.JMeterThread: Thread started: Receptionist Users (6 VUs) 4-3
2026-01-08 21:35:09,257 INFO o.a.j.t.JMeterThread: Stopping: Receptionist Users (6 VUs) 4-6
2026-01-08 21:35:09,257 INFO o.a.j.t.JMeterThread: Thread finished: Receptionist Users (6 VUs) 4-1
2026-01-08 21:35:09,257 INFO o.a.j.t.JMeterThread: Thread finished: Receptionist Users (6 VUs) 4-3
2026-01-08 21:35:09,257 INFO o.a.j.t.JMeterThread: Thread finished: Nurse Users (7 VUs) 3-5
2026-01-08 21:35:09,257 INFO o.a.j.t.JMeterThread: Thread started: Receptionist Users (6 VUs) 4-6
2026-01-08 21:35:09,257 INFO o.a.j.t.JMeterThread: Stopping: Receptionist Users (6 VUs) 4-2
2026-01-08 21:35:09,257 INFO o.a.j.t.JMeterThread: Thread finished: Receptionist Users (6 VUs) 4-6
2026-01-08 21:35:09,257 INFO o.a.j.t.JMeterThread: Stopping: Receptionist Users (6 VUs) 4-5
2026-01-08 21:35:09,257 INFO o.a.j.t.JMeterThread: Stopping: Receptionist Users (6 VUs) 4-4
2026-01-08 21:35:09,257 INFO o.a.j.t.JMeterThread: Thread started: Receptionist Users (6 VUs) 4-2
2026-01-08 21:35:09,257 INFO o.a.j.t.JMeterThread: Stopping: Admin User (1 VU) 5-1
2026-01-08 21:35:09,257 INFO o.a.j.t.JMeterThread: Thread started: Receptionist Users (6 VUs) 4-4
2026-01-08 21:35:09,257 INFO o.a.j.t.JMeterThread: Thread started: Receptionist Users (6 VUs) 4-5
2026-01-08 21:35:09,257 INFO o.a.j.t.JMeterThread: Thread finished: Receptionist Users (6 VUs) 4-4
2026-01-08 21:35:09,257 INFO o.a.j.t.JMeterThread: Thread finished: Receptionist Users (6 VUs) 4-5
2026-01-08 21:35:09,257 INFO o.a.j.t.JMeterThread: Thread started: Admin User (1 VU) 5-1
2026-01-08 21:35:09,257 INFO o.a.j.t.JMeterThread: Thread finished: Receptionist Users (6 VUs) 4-2
2026-01-08 21:35:09,257 INFO o.a.j.t.JMeterThread: Thread finished: Admin User (1 VU) 5-1
2026-01-08 21:35:09,257 INFO o.a.j.e.StandardJMeterEngine: Notifying test listeners of end of test
2026-01-08 21:35:09,259 INFO o.a.j.s.FileServer: Close: d:\1_Hoc_Tap\1_1_Dai_Hoc\Tai_lieu_ki_1_nam_3\CongNghePhanMemChuyenSau\HMS-total\HMS_Backend\infrastructure\jmeter\data/patient_credentials.csv
2026-01-08 21:35:09,259 INFO o.a.j.g.u.JMeterMenuBar: setRunning(false, *local*)
2026-01-08 21:35:11,380 ERROR o.a.j.c.CSVDataSet: java.io.IOException: File never reserved: d:\1_Hoc_Tap\1_1_Dai_Hoc\Tai_lieu_ki_1_nam_3\CongNghePhanMemChuyenSau\HMS-total\HMS_Backend\infrastructure\jmeter\data/receptionist_credentials.csv
2026-01-08 21:35:11,884 ERROR o.a.j.c.CSVDataSet: java.io.IOException: File never reserved: d:\1_Hoc_Tap\1_1_Dai_Hoc\Tai_lieu_ki_1_nam_3\CongNghePhanMemChuyenSau\HMS-total\HMS_Backend\infrastructure\jmeter\data/patient_credentials.csv
2026-01-08 21:35:14,150 INFO o.a.j.e.StandardJMeterEngine: Running the test!
2026-01-08 21:35:14,150 INFO o.a.j.s.SampleEvent: List of sample_variables: []
2026-01-08 21:35:14,150 INFO o.a.j.g.u.JMeterMenuBar: setRunning(true, *local*)
2026-01-08 21:35:14,181 INFO o.a.j.e.StandardJMeterEngine: Starting ThreadGroup: 1 : Patient Users (27 VUs)
2026-01-08 21:35:14,181 INFO o.a.j.e.StandardJMeterEngine: Starting 27 threads for group Patient Users (27 VUs).
2026-01-08 21:35:14,181 INFO o.a.j.e.StandardJMeterEngine: Thread will continue on error
2026-01-08 21:35:14,181 INFO o.a.j.t.ThreadGroup: Starting thread group... number=1 threads=27 ramp-up=30 delayedStart=false
2026-01-08 21:35:14,182 INFO o.a.j.t.JMeterThread: Thread started: Patient Users (27 VUs) 1-1
2026-01-08 21:35:14,182 INFO o.a.j.s.FileServer: Stored: d:\1_Hoc_Tap\1_1_Dai_Hoc\Tai_lieu_ki_1_nam_3\CongNghePhanMemChuyenSau\HMS-total\HMS_Backend\infrastructure\jmeter\data/patient_credentials.csv
2026-01-08 21:35:14,186 INFO o.a.j.t.ThreadGroup: Started thread group number 1
2026-01-08 21:35:14,186 INFO o.a.j.e.StandardJMeterEngine: Starting ThreadGroup: 2 : Doctor Users (9 VUs)
2026-01-08 21:35:14,186 INFO o.a.j.e.StandardJMeterEngine: Starting 9 threads for group Doctor Users (9 VUs).
2026-01-08 21:35:14,186 INFO o.a.j.e.StandardJMeterEngine: Thread will continue on error
2026-01-08 21:35:14,186 INFO o.a.j.t.ThreadGroup: Starting thread group... number=2 threads=9 ramp-up=15 delayedStart=false
2026-01-08 21:35:14,188 INFO o.a.j.t.ThreadGroup: Started thread group number 2
2026-01-08 21:35:14,188 INFO o.a.j.e.StandardJMeterEngine: Starting ThreadGroup: 3 : Nurse Users (7 VUs)
2026-01-08 21:35:14,188 INFO o.a.j.e.StandardJMeterEngine: Starting 7 threads for group Nurse Users (7 VUs).
2026-01-08 21:35:14,188 INFO o.a.j.e.StandardJMeterEngine: Thread will continue on error
2026-01-08 21:35:14,188 INFO o.a.j.t.ThreadGroup: Starting thread group... number=3 threads=7 ramp-up=15 delayedStart=false
2026-01-08 21:35:14,190 INFO o.a.j.t.ThreadGroup: Started thread group number 3
2026-01-08 21:35:14,190 INFO o.a.j.e.StandardJMeterEngine: Starting ThreadGroup: 4 : Receptionist Users (6 VUs)
2026-01-08 21:35:14,190 INFO o.a.j.e.StandardJMeterEngine: Starting 6 threads for group Receptionist Users (6 VUs).
2026-01-08 21:35:14,190 INFO o.a.j.e.StandardJMeterEngine: Thread will continue on error
2026-01-08 21:35:14,190 INFO o.a.j.t.ThreadGroup: Starting thread group... number=4 threads=6 ramp-up=15 delayedStart=false
2026-01-08 21:35:14,192 INFO o.a.j.t.ThreadGroup: Started thread group number 4
2026-01-08 21:35:14,192 INFO o.a.j.e.StandardJMeterEngine: Starting ThreadGroup: 5 : Admin User (1 VU)
2026-01-08 21:35:14,192 INFO o.a.j.e.StandardJMeterEngine: Starting 1 threads for group Admin User (1 VU).
2026-01-08 21:35:14,192 INFO o.a.j.e.StandardJMeterEngine: Thread will continue on error
2026-01-08 21:35:14,192 INFO o.a.j.t.ThreadGroup: Starting thread group... number=5 threads=1 ramp-up=5 delayedStart=false
2026-01-08 21:35:14,193 INFO o.a.j.t.ThreadGroup: Started thread group number 5
2026-01-08 21:35:14,193 INFO o.a.j.e.StandardJMeterEngine: All thread groups have been started
2026-01-08 21:35:15,294 INFO o.a.j.t.JMeterThread: Thread started: Patient Users (27 VUs) 1-2
2026-01-08 21:35:16,404 INFO o.a.j.t.JMeterThread: Thread started: Patient Users (27 VUs) 1-3
2026-01-08 21:35:17,516 INFO o.a.j.t.JMeterThread: Thread started: Patient Users (27 VUs) 1-4
2026-01-08 21:35:17,662 INFO o.a.j.g.a.Start: Shutting test down
2026-01-08 21:35:17,672 INFO o.a.j.t.JMeterThread: Stopping: Patient Users (27 VUs) 1-17
2026-01-08 21:35:17,672 INFO o.a.j.t.JMeterThread: Stopping: Patient Users (27 VUs) 1-10
2026-01-08 21:35:17,672 INFO o.a.j.t.JMeterThread: Stopping: Patient Users (27 VUs) 1-13
2026-01-08 21:35:17,672 INFO o.a.j.t.JMeterThread: Stopping: Patient Users (27 VUs) 1-15
2026-01-08 21:35:17,672 INFO o.a.j.t.JMeterThread: Stopping: Patient Users (27 VUs) 1-22
2026-01-08 21:35:17,672 INFO o.a.j.t.JMeterThread: Stopping: Patient Users (27 VUs) 1-7
2026-01-08 21:35:17,672 INFO o.a.j.t.JMeterThread: Stopping: Patient Users (27 VUs) 1-26
2026-01-08 21:35:17,672 INFO o.a.j.t.JMeterThread: Stopping: Patient Users (27 VUs) 1-16
2026-01-08 21:35:17,672 INFO o.a.j.t.JMeterThread: Stopping: Patient Users (27 VUs) 1-2
2026-01-08 21:35:17,672 INFO o.a.j.t.JMeterThread: Stopping: Patient Users (27 VUs) 1-24
2026-01-08 21:35:17,672 INFO o.a.j.t.JMeterThread: Stopping: Patient Users (27 VUs) 1-4
2026-01-08 21:35:17,672 INFO o.a.j.t.JMeterThread: Stopping: Patient Users (27 VUs) 1-21
2026-01-08 21:35:17,672 INFO o.a.j.t.JMeterThread: Stopping: Patient Users (27 VUs) 1-1
2026-01-08 21:35:17,672 INFO o.a.j.t.JMeterThread: Stopping: Patient Users (27 VUs) 1-19
2026-01-08 21:35:17,672 INFO o.a.j.t.JMeterThread: Stopping: Patient Users (27 VUs) 1-3
2026-01-08 21:35:17,672 INFO o.a.j.t.JMeterThread: Stopping: Patient Users (27 VUs) 1-25
2026-01-08 21:35:17,672 INFO o.a.j.t.JMeterThread: Stopping: Patient Users (27 VUs) 1-20
2026-01-08 21:35:17,672 INFO o.a.j.t.JMeterThread: Stopping: Patient Users (27 VUs) 1-9
2026-01-08 21:35:17,672 INFO o.a.j.t.JMeterThread: Stopping: Patient Users (27 VUs) 1-5
2026-01-08 21:35:17,672 INFO o.a.j.t.JMeterThread: Stopping: Patient Users (27 VUs) 1-14
2026-01-08 21:35:17,672 INFO o.a.j.t.JMeterThread: Stopping: Patient Users (27 VUs) 1-27
2026-01-08 21:35:17,672 INFO o.a.j.t.JMeterThread: Stopping: Patient Users (27 VUs) 1-11
2026-01-08 21:35:17,672 INFO o.a.j.t.JMeterThread: Stopping: Patient Users (27 VUs) 1-12
2026-01-08 21:35:17,672 INFO o.a.j.t.JMeterThread: Stopping: Patient Users (27 VUs) 1-18
2026-01-08 21:35:17,672 INFO o.a.j.t.JMeterThread: Stopping: Patient Users (27 VUs) 1-23
2026-01-08 21:35:17,672 INFO o.a.j.t.JMeterThread: Stopping: Patient Users (27 VUs) 1-6
2026-01-08 21:35:17,672 INFO o.a.j.t.JMeterThread: Stopping: Patient Users (27 VUs) 1-8
2026-01-08 21:35:17,672 INFO o.a.j.t.JMeterThread: Stopping: Doctor Users (9 VUs) 2-7
2026-01-08 21:35:17,672 INFO o.a.j.t.JMeterThread: Stopping: Doctor Users (9 VUs) 2-1
2026-01-08 21:35:17,672 INFO o.a.j.t.JMeterThread: Stopping: Doctor Users (9 VUs) 2-8
2026-01-08 21:35:17,672 INFO o.a.j.t.JMeterThread: Stopping: Doctor Users (9 VUs) 2-5
2026-01-08 21:35:17,672 INFO o.a.j.t.JMeterThread: Stopping: Doctor Users (9 VUs) 2-6
2026-01-08 21:35:17,672 INFO o.a.j.t.JMeterThread: Stopping: Doctor Users (9 VUs) 2-2
2026-01-08 21:35:17,672 INFO o.a.j.t.JMeterThread: Stopping: Doctor Users (9 VUs) 2-9
2026-01-08 21:35:17,672 INFO o.a.j.t.JMeterThread: Stopping: Doctor Users (9 VUs) 2-3
2026-01-08 21:35:17,672 INFO o.a.j.t.JMeterThread: Stopping: Doctor Users (9 VUs) 2-4
2026-01-08 21:35:17,672 INFO o.a.j.t.JMeterThread: Stopping: Nurse Users (7 VUs) 3-6
2026-01-08 21:35:17,672 INFO o.a.j.t.JMeterThread: Stopping: Nurse Users (7 VUs) 3-1
2026-01-08 21:35:17,672 INFO o.a.j.t.JMeterThread: Stopping: Nurse Users (7 VUs) 3-4
2026-01-08 21:35:17,672 INFO o.a.j.t.JMeterThread: Stopping: Nurse Users (7 VUs) 3-2
2026-01-08 21:35:17,672 INFO o.a.j.t.JMeterThread: Stopping: Nurse Users (7 VUs) 3-5
2026-01-08 21:35:17,672 INFO o.a.j.t.JMeterThread: Stopping: Nurse Users (7 VUs) 3-7
2026-01-08 21:35:17,672 INFO o.a.j.t.JMeterThread: Stopping: Nurse Users (7 VUs) 3-3
2026-01-08 21:35:17,672 INFO o.a.j.t.JMeterThread: Stopping: Receptionist Users (6 VUs) 4-1
2026-01-08 21:35:17,672 INFO o.a.j.t.JMeterThread: Stopping: Receptionist Users (6 VUs) 4-3
2026-01-08 21:35:17,672 INFO o.a.j.t.JMeterThread: Stopping: Receptionist Users (6 VUs) 4-4
2026-01-08 21:35:17,672 INFO o.a.j.t.JMeterThread: Stopping: Receptionist Users (6 VUs) 4-2
2026-01-08 21:35:17,672 INFO o.a.j.t.JMeterThread: Stopping: Receptionist Users (6 VUs) 4-5
2026-01-08 21:35:17,673 INFO o.a.j.t.JMeterThread: Stopping: Receptionist Users (6 VUs) 4-6
2026-01-08 21:35:17,673 INFO o.a.j.t.JMeterThread: Stopping: Admin User (1 VU) 5-1
2026-01-08 21:35:18,184 INFO o.a.j.t.JMeterThread: Thread started: Patient Users (27 VUs) 1-5
2026-01-08 21:35:18,184 INFO o.a.j.t.JMeterThread: Thread finished: Patient Users (27 VUs) 1-5
2026-01-08 21:35:18,185 INFO o.a.j.t.JMeterThread: Thread started: Patient Users (27 VUs) 1-8
2026-01-08 21:35:18,185 INFO o.a.j.t.JMeterThread: Thread started: Patient Users (27 VUs) 1-7
2026-01-08 21:35:18,185 INFO o.a.j.t.JMeterThread: Thread finished: Patient Users (27 VUs) 1-8
2026-01-08 21:35:18,185 INFO o.a.j.t.JMeterThread: Thread finished: Patient Users (27 VUs) 1-7
2026-01-08 21:35:18,186 INFO o.a.j.t.JMeterThread: Thread started: Patient Users (27 VUs) 1-6
2026-01-08 21:35:18,186 INFO o.a.j.t.JMeterThread: Thread finished: Patient Users (27 VUs) 1-6
2026-01-08 21:35:18,188 INFO o.a.j.t.JMeterThread: Thread started: Patient Users (27 VUs) 1-14
2026-01-08 21:35:18,188 INFO o.a.j.t.JMeterThread: Thread finished: Patient Users (27 VUs) 1-14
2026-01-08 21:35:18,188 INFO o.a.j.t.JMeterThread: Thread started: Patient Users (27 VUs) 1-12
2026-01-08 21:35:18,188 INFO o.a.j.t.JMeterThread: Thread started: Patient Users (27 VUs) 1-22
2026-01-08 21:35:18,188 INFO o.a.j.t.JMeterThread: Thread finished: Patient Users (27 VUs) 1-12
2026-01-08 21:35:18,188 INFO o.a.j.t.JMeterThread: Thread started: Patient Users (27 VUs) 1-20
2026-01-08 21:35:18,188 INFO o.a.j.t.JMeterThread: Thread finished: Patient Users (27 VUs) 1-22
2026-01-08 21:35:18,188 INFO o.a.j.t.JMeterThread: Thread finished: Patient Users (27 VUs) 1-20
2026-01-08 21:35:18,188 INFO o.a.j.t.JMeterThread: Thread started: Patient Users (27 VUs) 1-13
2026-01-08 21:35:18,188 INFO o.a.j.t.JMeterThread: Thread finished: Patient Users (27 VUs) 1-13
2026-01-08 21:35:18,188 INFO o.a.j.t.JMeterThread: Thread started: Patient Users (27 VUs) 1-19
2026-01-08 21:35:18,188 INFO o.a.j.t.JMeterThread: Thread started: Patient Users (27 VUs) 1-9
2026-01-08 21:35:18,188 INFO o.a.j.t.JMeterThread: Thread started: Patient Users (27 VUs) 1-10
2026-01-08 21:35:18,188 INFO o.a.j.t.JMeterThread: Thread finished: Patient Users (27 VUs) 1-19
2026-01-08 21:35:18,188 INFO o.a.j.t.JMeterThread: Thread started: Patient Users (27 VUs) 1-11
2026-01-08 21:35:18,188 INFO o.a.j.t.JMeterThread: Thread started: Patient Users (27 VUs) 1-18
2026-01-08 21:35:18,188 INFO o.a.j.t.JMeterThread: Thread finished: Patient Users (27 VUs) 1-10
2026-01-08 21:35:18,188 INFO o.a.j.t.JMeterThread: Thread finished: Patient Users (27 VUs) 1-18
2026-01-08 21:35:18,188 INFO o.a.j.t.JMeterThread: Thread finished: Patient Users (27 VUs) 1-9
2026-01-08 21:35:18,188 INFO o.a.j.t.JMeterThread: Thread started: Patient Users (27 VUs) 1-15
2026-01-08 21:35:18,188 INFO o.a.j.t.JMeterThread: Thread finished: Patient Users (27 VUs) 1-15
2026-01-08 21:35:18,188 INFO o.a.j.t.JMeterThread: Thread started: Patient Users (27 VUs) 1-17
2026-01-08 21:35:18,188 INFO o.a.j.t.JMeterThread: Thread started: Patient Users (27 VUs) 1-21
2026-01-08 21:35:18,188 INFO o.a.j.t.JMeterThread: Thread finished: Patient Users (27 VUs) 1-17
2026-01-08 21:35:18,188 INFO o.a.j.t.JMeterThread: Thread finished: Patient Users (27 VUs) 1-21
2026-01-08 21:35:18,188 INFO o.a.j.t.JMeterThread: Thread finished: Patient Users (27 VUs) 1-11
2026-01-08 21:35:18,189 INFO o.a.j.t.JMeterThread: Thread started: Patient Users (27 VUs) 1-24
2026-01-08 21:35:18,189 INFO o.a.j.t.JMeterThread: Thread finished: Patient Users (27 VUs) 1-24
2026-01-08 21:35:18,189 INFO o.a.j.t.JMeterThread: Thread started: Patient Users (27 VUs) 1-25
2026-01-08 21:35:18,189 INFO o.a.j.t.JMeterThread: Thread finished: Patient Users (27 VUs) 1-25
2026-01-08 21:35:18,189 INFO o.a.j.t.JMeterThread: Thread started: Patient Users (27 VUs) 1-16
2026-01-08 21:35:18,189 INFO o.a.j.t.JMeterThread: Thread finished: Patient Users (27 VUs) 1-16
2026-01-08 21:35:18,189 INFO o.a.j.t.JMeterThread: Thread started: Patient Users (27 VUs) 1-26
2026-01-08 21:35:18,189 INFO o.a.j.t.JMeterThread: Thread finished: Patient Users (27 VUs) 1-26
2026-01-08 21:35:18,190 INFO o.a.j.t.JMeterThread: Thread started: Patient Users (27 VUs) 1-23
2026-01-08 21:35:18,190 INFO o.a.j.t.JMeterThread: Thread finished: Patient Users (27 VUs) 1-23
2026-01-08 21:35:18,190 INFO o.a.j.t.JMeterThread: Thread started: Patient Users (27 VUs) 1-27
2026-01-08 21:35:18,190 INFO o.a.j.t.JMeterThread: Thread finished: Patient Users (27 VUs) 1-27
2026-01-08 21:35:18,190 INFO o.a.j.t.JMeterThread: Thread started: Doctor Users (9 VUs) 2-2
2026-01-08 21:35:18,190 INFO o.a.j.t.JMeterThread: Thread started: Doctor Users (9 VUs) 2-1
2026-01-08 21:35:18,190 INFO o.a.j.t.JMeterThread: Thread finished: Doctor Users (9 VUs) 2-2
2026-01-08 21:35:18,190 INFO o.a.j.t.JMeterThread: Thread finished: Doctor Users (9 VUs) 2-1
2026-01-08 21:35:18,190 INFO o.a.j.t.JMeterThread: Thread started: Doctor Users (9 VUs) 2-3
2026-01-08 21:35:18,190 INFO o.a.j.t.JMeterThread: Thread finished: Doctor Users (9 VUs) 2-3
2026-01-08 21:35:18,191 INFO o.a.j.t.JMeterThread: Thread started: Doctor Users (9 VUs) 2-6
2026-01-08 21:35:18,191 INFO o.a.j.t.JMeterThread: Thread finished: Doctor Users (9 VUs) 2-6
2026-01-08 21:35:18,191 INFO o.a.j.t.JMeterThread: Thread started: Doctor Users (9 VUs) 2-9
2026-01-08 21:35:18,191 INFO o.a.j.t.JMeterThread: Thread started: Nurse Users (7 VUs) 3-1
2026-01-08 21:35:18,191 INFO o.a.j.t.JMeterThread: Thread started: Doctor Users (9 VUs) 2-5
2026-01-08 21:35:18,191 INFO o.a.j.t.JMeterThread: Thread finished: Doctor Users (9 VUs) 2-9
2026-01-08 21:35:18,191 INFO o.a.j.t.JMeterThread: Thread started: Doctor Users (9 VUs) 2-7
2026-01-08 21:35:18,191 INFO o.a.j.t.JMeterThread: Thread finished: Doctor Users (9 VUs) 2-7
2026-01-08 21:35:18,191 INFO o.a.j.t.JMeterThread: Thread started: Nurse Users (7 VUs) 3-2
2026-01-08 21:35:18,191 INFO o.a.j.t.JMeterThread: Thread finished: Nurse Users (7 VUs) 3-2
2026-01-08 21:35:18,191 INFO o.a.j.t.JMeterThread: Thread started: Doctor Users (9 VUs) 2-8
2026-01-08 21:35:18,191 INFO o.a.j.t.JMeterThread: Thread finished: Doctor Users (9 VUs) 2-8
2026-01-08 21:35:18,191 INFO o.a.j.t.JMeterThread: Thread started: Doctor Users (9 VUs) 2-4
2026-01-08 21:35:18,191 INFO o.a.j.t.JMeterThread: Thread finished: Doctor Users (9 VUs) 2-4
2026-01-08 21:35:18,191 INFO o.a.j.t.JMeterThread: Thread started: Nurse Users (7 VUs) 3-5
2026-01-08 21:35:18,191 INFO o.a.j.t.JMeterThread: Thread finished: Nurse Users (7 VUs) 3-5
2026-01-08 21:35:18,191 INFO o.a.j.t.JMeterThread: Thread finished: Nurse Users (7 VUs) 3-1
2026-01-08 21:35:18,191 INFO o.a.j.t.JMeterThread: Thread finished: Doctor Users (9 VUs) 2-5
2026-01-08 21:35:18,193 INFO o.a.j.t.JMeterThread: Thread started: Nurse Users (7 VUs) 3-3
2026-01-08 21:35:18,193 INFO o.a.j.t.JMeterThread: Thread finished: Nurse Users (7 VUs) 3-3
2026-01-08 21:35:18,193 INFO o.a.j.t.JMeterThread: Thread started: Receptionist Users (6 VUs) 4-4
2026-01-08 21:35:18,193 INFO o.a.j.t.JMeterThread: Thread finished: Receptionist Users (6 VUs) 4-4
2026-01-08 21:35:18,193 INFO o.a.j.t.JMeterThread: Thread started: Receptionist Users (6 VUs) 4-2
2026-01-08 21:35:18,193 INFO o.a.j.t.JMeterThread: Thread finished: Receptionist Users (6 VUs) 4-2
2026-01-08 21:35:18,193 INFO o.a.j.t.JMeterThread: Thread started: Nurse Users (7 VUs) 3-4
2026-01-08 21:35:18,193 INFO o.a.j.t.JMeterThread: Thread finished: Nurse Users (7 VUs) 3-4
2026-01-08 21:35:18,193 INFO o.a.j.t.JMeterThread: Thread started: Nurse Users (7 VUs) 3-7
2026-01-08 21:35:18,193 INFO o.a.j.t.JMeterThread: Thread started: Nurse Users (7 VUs) 3-6
2026-01-08 21:35:18,193 INFO o.a.j.t.JMeterThread: Thread finished: Nurse Users (7 VUs) 3-7
2026-01-08 21:35:18,193 INFO o.a.j.t.JMeterThread: Thread finished: Nurse Users (7 VUs) 3-6
2026-01-08 21:35:18,193 INFO o.a.j.t.JMeterThread: Thread started: Receptionist Users (6 VUs) 4-1
2026-01-08 21:35:18,193 INFO o.a.j.t.JMeterThread: Thread finished: Receptionist Users (6 VUs) 4-1
2026-01-08 21:35:18,194 INFO o.a.j.t.JMeterThread: Thread started: Receptionist Users (6 VUs) 4-6
2026-01-08 21:35:18,194 INFO o.a.j.t.JMeterThread: Thread finished: Receptionist Users (6 VUs) 4-6
2026-01-08 21:35:18,194 INFO o.a.j.t.JMeterThread: Thread started: Receptionist Users (6 VUs) 4-5
2026-01-08 21:35:18,194 INFO o.a.j.t.JMeterThread: Thread finished: Receptionist Users (6 VUs) 4-5
2026-01-08 21:35:18,194 INFO o.a.j.t.JMeterThread: Thread started: Receptionist Users (6 VUs) 4-3
2026-01-08 21:35:18,194 INFO o.a.j.t.JMeterThread: Thread finished: Receptionist Users (6 VUs) 4-3
2026-01-08 21:35:18,194 INFO o.a.j.t.JMeterThread: Thread started: Admin User (1 VU) 5-1
2026-01-08 21:35:18,194 INFO o.a.j.t.JMeterThread: Thread finished: Admin User (1 VU) 5-1
2026-01-08 21:35:21,053 INFO o.a.j.g.a.Start: Stopping test
2026-01-08 21:35:21,060 INFO o.a.j.t.JMeterThread: Stopping: Patient Users (27 VUs) 1-2
2026-01-08 21:35:21,060 INFO o.a.j.t.JMeterThread: Stopping: Patient Users (27 VUs) 1-4
2026-01-08 21:35:21,060 INFO o.a.j.t.JMeterThread: Stopping: Patient Users (27 VUs) 1-1
2026-01-08 21:35:21,060 INFO o.a.j.t.JMeterThread: Stopping: Patient Users (27 VUs) 1-3
2026-01-08 21:35:21,060 WARN o.a.j.t.JMeterThread: The delay timer was interrupted - probably did not wait as long as intended.
2026-01-08 21:35:21,060 WARN o.a.j.t.JMeterThread: The delay timer was interrupted - probably did not wait as long as intended.
2026-01-08 21:35:21,060 WARN o.a.j.t.JMeterThread: The delay timer was interrupted - probably did not wait as long as intended.
2026-01-08 21:35:21,060 WARN o.a.j.t.JMeterThread: The delay timer was interrupted - probably did not wait as long as intended.
2026-01-08 21:35:21,060 INFO o.a.j.t.JMeterThread: Thread finished: Patient Users (27 VUs) 1-2
2026-01-08 21:35:21,060 INFO o.a.j.t.JMeterThread: Thread finished: Patient Users (27 VUs) 1-3
2026-01-08 21:35:21,060 INFO o.a.j.t.JMeterThread: Thread finished: Patient Users (27 VUs) 1-4
2026-01-08 21:35:21,060 INFO o.a.j.t.JMeterThread: Thread finished: Patient Users (27 VUs) 1-1
2026-01-08 21:35:21,060 INFO o.a.j.e.StandardJMeterEngine: Notifying test listeners of end of test
2026-01-08 21:35:21,060 INFO o.a.j.s.FileServer: Close: d:\1_Hoc_Tap\1_1_Dai_Hoc\Tai_lieu_ki_1_nam_3\CongNghePhanMemChuyenSau\HMS-total\HMS_Backend\infrastructure\jmeter\data/patient_credentials.csv
2026-01-08 21:35:21,060 INFO o.a.j.g.u.JMeterMenuBar: setRunning(false, *local*)
2026-01-08 21:35:21,782 ERROR o.a.j.c.CSVDataSet: java.io.IOException: File never reserved: d:\1_Hoc_Tap\1_1_Dai_Hoc\Tai_lieu_ki_1_nam_3\CongNghePhanMemChuyenSau\HMS-total\HMS_Backend\infrastructure\jmeter\data/nurse_credentials.csv
2026-01-08 21:35:26,367 ERROR o.a.j.c.CSVDataSet: java.io.IOException: File never reserved: d:\1_Hoc_Tap\1_1_Dai_Hoc\Tai_lieu_ki_1_nam_3\CongNghePhanMemChuyenSau\HMS-total\HMS_Backend\infrastructure\jmeter\data/patient_credentials.csv
2026-01-08 21:35:31,838 ERROR o.a.j.c.CSVDataSet: java.io.IOException: File never reserved: d:\1_Hoc_Tap\1_1_Dai_Hoc\Tai_lieu_ki_1_nam_3\CongNghePhanMemChuyenSau\HMS-total\HMS_Backend\infrastructure\jmeter\data/nurse_credentials.csv
2026-01-08 21:35:32,047 ERROR o.a.j.c.CSVDataSet: java.io.IOException: File never reserved: d:\1_Hoc_Tap\1_1_Dai_Hoc\Tai_lieu_ki_1_nam_3\CongNghePhanMemChuyenSau\HMS-total\HMS_Backend\infrastructure\jmeter\data/nurse_credentials.csv
2026-01-08 21:35:33,323 ERROR o.a.j.c.CSVDataSet: java.io.IOException: File never reserved: d:\1_Hoc_Tap\1_1_Dai_Hoc\Tai_lieu_ki_1_nam_3\CongNghePhanMemChuyenSau\HMS-total\HMS_Backend\infrastructure\jmeter\data/patient_credentials.csv
2026-01-08 21:35:33,841 ERROR o.a.j.c.CSVDataSet: java.io.IOException: File never reserved: d:\1_Hoc_Tap\1_1_Dai_Hoc\Tai_lieu_ki_1_nam_3\CongNghePhanMemChuyenSau\HMS-total\HMS_Backend\infrastructure\jmeter\data/nurse_credentials.csv
2026-01-08 21:35:34,775 ERROR o.a.j.c.CSVDataSet: java.io.IOException: File never reserved: d:\1_Hoc_Tap\1_1_Dai_Hoc\Tai_lieu_ki_1_nam_3\CongNghePhanMemChuyenSau\HMS-total\HMS_Backend\infrastructure\jmeter\data/patient_credentials.csv
2026-01-08 21:35:44,633 ERROR o.a.j.c.CSVDataSet: java.io.IOException: File never reserved: d:\1_Hoc_Tap\1_1_Dai_Hoc\Tai_lieu_ki_1_nam_3\CongNghePhanMemChuyenSau\HMS-total\HMS_Backend\infrastructure\jmeter\data/patient_credentials.csv
2026-01-08 21:35:44,824 ERROR o.a.j.c.CSVDataSet: java.io.IOException: File never reserved: d:\1_Hoc_Tap\1_1_Dai_Hoc\Tai_lieu_ki_1_nam_3\CongNghePhanMemChuyenSau\HMS-total\HMS_Backend\infrastructure\jmeter\data/patient_credentials.csv
2026-01-08 21:35:45,970 ERROR o.a.j.c.CSVDataSet: java.io.IOException: File never reserved: d:\1_Hoc_Tap\1_1_Dai_Hoc\Tai_lieu_ki_1_nam_3\CongNghePhanMemChuyenSau\HMS-total\HMS_Backend\infrastructure\jmeter\data/patient_credentials.csv
2026-01-08 21:35:46,757 ERROR o.a.j.c.CSVDataSet: java.io.IOException: File never reserved: d:\1_Hoc_Tap\1_1_Dai_Hoc\Tai_lieu_ki_1_nam_3\CongNghePhanMemChuyenSau\HMS-total\HMS_Backend\infrastructure\jmeter\data/patient_credentials.csv
2026-01-08 21:35:47,134 ERROR o.a.j.c.CSVDataSet: java.io.IOException: File never reserved: d:\1_Hoc_Tap\1_1_Dai_Hoc\Tai_lieu_ki_1_nam_3\CongNghePhanMemChuyenSau\HMS-total\HMS_Backend\infrastructure\jmeter\data/patient_credentials.csv
2026-01-08 21:35:47,871 ERROR o.a.j.c.CSVDataSet: java.io.IOException: File never reserved: d:\1_Hoc_Tap\1_1_Dai_Hoc\Tai_lieu_ki_1_nam_3\CongNghePhanMemChuyenSau\HMS-total\HMS_Backend\infrastructure\jmeter\data/nurse_credentials.csv
2026-01-08 21:35:48,527 ERROR o.a.j.c.CSVDataSet: java.io.IOException: File never reserved: d:\1_Hoc_Tap\1_1_Dai_Hoc\Tai_lieu_ki_1_nam_3\CongNghePhanMemChuyenSau\HMS-total\HMS_Backend\infrastructure\jmeter\data/patient_credentials.csv
2026-01-08 21:35:49,019 ERROR o.a.j.c.CSVDataSet: java.io.IOException: File never reserved: d:\1_Hoc_Tap\1_1_Dai_Hoc\Tai_lieu_ki_1_nam_3\CongNghePhanMemChuyenSau\HMS-total\HMS_Backend\infrastructure\jmeter\data/patient_credentials.csv
2026-01-08 21:35:51,087 ERROR o.a.j.c.CSVDataSet: java.io.IOException: File never reserved: d:\1_Hoc_Tap\1_1_Dai_Hoc\Tai_lieu_ki_1_nam_3\CongNghePhanMemChuyenSau\HMS-total\HMS_Backend\infrastructure\jmeter\data/nurse_credentials.csv
2026-01-08 21:35:52,074 ERROR o.a.j.c.CSVDataSet: java.io.IOException: File never reserved: d:\1_Hoc_Tap\1_1_Dai_Hoc\Tai_lieu_ki_1_nam_3\CongNghePhanMemChuyenSau\HMS-total\HMS_Backend\infrastructure\jmeter\data/patient_credentials.csv
2026-01-08 21:35:52,232 ERROR o.a.j.c.CSVDataSet: java.io.IOException: File never reserved: d:\1_Hoc_Tap\1_1_Dai_Hoc\Tai_lieu_ki_1_nam_3\CongNghePhanMemChuyenSau\HMS-total\HMS_Backend\infrastructure\jmeter\data/patient_credentials.csv
2026-01-08 21:35:52,706 ERROR o.a.j.c.CSVDataSet: java.io.IOException: File never reserved: d:\1_Hoc_Tap\1_1_Dai_Hoc\Tai_lieu_ki_1_nam_3\CongNghePhanMemChuyenSau\HMS-total\HMS_Backend\infrastructure\jmeter\data/patient_credentials.csv
2026-01-08 21:35:52,764 ERROR o.a.j.c.CSVDataSet: java.io.IOException: File never reserved: d:\1_Hoc_Tap\1_1_Dai_Hoc\Tai_lieu_ki_1_nam_3\CongNghePhanMemChuyenSau\HMS-total\HMS_Backend\infrastructure\jmeter\data/patient_credentials.csv
2026-01-08 21:35:53,088 ERROR o.a.j.c.CSVDataSet: java.io.IOException: File never reserved: d:\1_Hoc_Tap\1_1_Dai_Hoc\Tai_lieu_ki_1_nam_3\CongNghePhanMemChuyenSau\HMS-total\HMS_Backend\infrastructure\jmeter\data/patient_credentials.csv
2026-01-08 21:35:53,726 ERROR o.a.j.c.CSVDataSet: java.io.IOException: File never reserved: d:\1_Hoc_Tap\1_1_Dai_Hoc\Tai_lieu_ki_1_nam_3\CongNghePhanMemChuyenSau\HMS-total\HMS_Backend\infrastructure\jmeter\data/patient_credentials.csv
2026-01-08 21:35:55,210 ERROR o.a.j.c.CSVDataSet: java.io.IOException: File never reserved: d:\1_Hoc_Tap\1_1_Dai_Hoc\Tai_lieu_ki_1_nam_3\CongNghePhanMemChuyenSau\HMS-total\HMS_Backend\infrastructure\jmeter\data/patient_credentials.csv
2026-01-08 21:35:55,251 ERROR o.a.j.c.CSVDataSet: java.io.IOException: File never reserved: d:\1_Hoc_Tap\1_1_Dai_Hoc\Tai_lieu_ki_1_nam_3\CongNghePhanMemChuyenSau\HMS-total\HMS_Backend\infrastructure\jmeter\data/doctor_credentials.csv
2026-01-08 21:35:55,251 INFO o.a.j.t.JMeterThread: Thread finished: Doctor Users (9 VUs) 2-9
2026-01-08 21:35:55,274 ERROR o.a.j.c.CSVDataSet: java.io.IOException: File never reserved: d:\1_Hoc_Tap\1_1_Dai_Hoc\Tai_lieu_ki_1_nam_3\CongNghePhanMemChuyenSau\HMS-total\HMS_Backend\infrastructure\jmeter\data/patient_credentials.csv
2026-01-08 21:35:55,668 ERROR o.a.j.c.CSVDataSet: java.io.IOException: File never reserved: d:\1_Hoc_Tap\1_1_Dai_Hoc\Tai_lieu_ki_1_nam_3\CongNghePhanMemChuyenSau\HMS-total\HMS_Backend\infrastructure\jmeter\data/doctor_credentials.csv
2026-01-08 21:35:55,668 INFO o.a.j.t.JMeterThread: Thread finished: Doctor Users (9 VUs) 2-6
2026-01-08 21:35:55,786 ERROR o.a.j.c.CSVDataSet: java.io.IOException: File never reserved: d:\1_Hoc_Tap\1_1_Dai_Hoc\Tai_lieu_ki_1_nam_3\CongNghePhanMemChuyenSau\HMS-total\HMS_Backend\infrastructure\jmeter\data/doctor_credentials.csv
2026-01-08 21:35:55,786 INFO o.a.j.t.JMeterThread: Thread finished: Doctor Users (9 VUs) 2-4
2026-01-08 21:35:56,087 ERROR o.a.j.c.CSVDataSet: java.io.IOException: File never reserved: d:\1_Hoc_Tap\1_1_Dai_Hoc\Tai_lieu_ki_1_nam_3\CongNghePhanMemChuyenSau\HMS-total\HMS_Backend\infrastructure\jmeter\data/receptionist_credentials.csv
2026-01-08 21:35:56,698 ERROR o.a.j.c.CSVDataSet: java.io.IOException: File never reserved: d:\1_Hoc_Tap\1_1_Dai_Hoc\Tai_lieu_ki_1_nam_3\CongNghePhanMemChuyenSau\HMS-total\HMS_Backend\infrastructure\jmeter\data/doctor_credentials.csv
2026-01-08 21:35:56,698 INFO o.a.j.t.JMeterThread: Thread finished: Doctor Users (9 VUs) 2-5
2026-01-08 21:35:57,229 ERROR o.a.j.c.CSVDataSet: java.io.IOException: File never reserved: d:\1_Hoc_Tap\1_1_Dai_Hoc\Tai_lieu_ki_1_nam_3\CongNghePhanMemChuyenSau\HMS-total\HMS_Backend\infrastructure\jmeter\data/patient_credentials.csv
2026-01-08 21:35:59,653 ERROR o.a.j.c.CSVDataSet: java.io.IOException: File never reserved: d:\1_Hoc_Tap\1_1_Dai_Hoc\Tai_lieu_ki_1_nam_3\CongNghePhanMemChuyenSau\HMS-total\HMS_Backend\infrastructure\jmeter\data/nurse_credentials.csv
2026-01-08 21:36:00,041 ERROR o.a.j.c.CSVDataSet: java.io.IOException: File never reserved: d:\1_Hoc_Tap\1_1_Dai_Hoc\Tai_lieu_ki_1_nam_3\CongNghePhanMemChuyenSau\HMS-total\HMS_Backend\infrastructure\jmeter\data/patient_credentials.csv
2026-01-08 21:36:01,311 ERROR o.a.j.c.CSVDataSet: java.io.IOException: File never reserved: d:\1_Hoc_Tap\1_1_Dai_Hoc\Tai_lieu_ki_1_nam_3\CongNghePhanMemChuyenSau\HMS-total\HMS_Backend\infrastructure\jmeter\data/receptionist_credentials.csv
2026-01-08 21:36:01,423 ERROR o.a.j.c.CSVDataSet: java.io.IOException: File never reserved: d:\1_Hoc_Tap\1_1_Dai_Hoc\Tai_lieu_ki_1_nam_3\CongNghePhanMemChuyenSau\HMS-total\HMS_Backend\infrastructure\jmeter\data/patient_credentials.csv
2026-01-08 21:36:01,477 ERROR o.a.j.c.CSVDataSet: java.io.IOException: File never reserved: d:\1_Hoc_Tap\1_1_Dai_Hoc\Tai_lieu_ki_1_nam_3\CongNghePhanMemChuyenSau\HMS-total\HMS_Backend\infrastructure\jmeter\data/patient_credentials.csv
2026-01-08 21:36:02,288 ERROR o.a.j.c.CSVDataSet: java.io.IOException: File never reserved: d:\1_Hoc_Tap\1_1_Dai_Hoc\Tai_lieu_ki_1_nam_3\CongNghePhanMemChuyenSau\HMS-total\HMS_Backend\infrastructure\jmeter\data/patient_credentials.csv
2026-01-08 21:36:02,288 INFO o.a.j.t.JMeterThread: Thread finished: Patient Users (27 VUs) 1-21
2026-01-08 21:36:02,328 INFO o.a.j.t.JMeterThread: Thread finished: Patient Users (27 VUs) 1-10
2026-01-08 21:36:04,287 ERROR o.a.j.c.CSVDataSet: java.io.IOException: File never reserved: d:\1_Hoc_Tap\1_1_Dai_Hoc\Tai_lieu_ki_1_nam_3\CongNghePhanMemChuyenSau\HMS-total\HMS_Backend\infrastructure\jmeter\data/patient_credentials.csv
2026-01-08 21:36:04,287 INFO o.a.j.t.JMeterThread: Thread finished: Patient Users (27 VUs) 1-18
2026-01-08 21:36:04,359 INFO o.a.j.t.JMeterThread: Thread finished: Patient Users (27 VUs) 1-5
2026-01-08 21:36:04,687 ERROR o.a.j.c.CSVDataSet: java.io.IOException: File never reserved: d:\1_Hoc_Tap\1_1_Dai_Hoc\Tai_lieu_ki_1_nam_3\CongNghePhanMemChuyenSau\HMS-total\HMS_Backend\infrastructure\jmeter\data/receptionist_credentials.csv
2026-01-08 21:36:05,372 INFO o.a.j.t.JMeterThread: Thread finished: Patient Users (27 VUs) 1-16
2026-01-08 21:36:06,137 INFO o.a.j.t.JMeterThread: Thread finished: Patient Users (27 VUs) 1-23
2026-01-08 21:36:06,275 INFO o.a.j.t.JMeterThread: Thread finished: Patient Users (27 VUs) 1-25
2026-01-08 21:36:07,329 ERROR o.a.j.c.CSVDataSet: java.io.IOException: File never reserved: d:\1_Hoc_Tap\1_1_Dai_Hoc\Tai_lieu_ki_1_nam_3\CongNghePhanMemChuyenSau\HMS-total\HMS_Backend\infrastructure\jmeter\data/nurse_credentials.csv
2026-01-08 21:36:07,329 INFO o.a.j.t.JMeterThread: Thread finished: Nurse Users (7 VUs) 3-2
2026-01-08 21:36:07,486 ERROR o.a.j.c.CSVDataSet: java.io.IOException: File never reserved: d:\1_Hoc_Tap\1_1_Dai_Hoc\Tai_lieu_ki_1_nam_3\CongNghePhanMemChuyenSau\HMS-total\HMS_Backend\infrastructure\jmeter\data/doctor_credentials.csv
2026-01-08 21:36:07,487 INFO o.a.j.t.JMeterThread: Thread finished: Doctor Users (9 VUs) 2-8
2026-01-08 21:36:07,972 INFO o.a.j.t.JMeterThread: Thread finished: Nurse Users (7 VUs) 3-5
2026-01-08 21:36:08,346 INFO o.a.j.t.JMeterThread: Thread finished: Patient Users (27 VUs) 1-14
2026-01-08 21:36:08,453 ERROR o.a.j.c.CSVDataSet: java.io.IOException: File never reserved: d:\1_Hoc_Tap\1_1_Dai_Hoc\Tai_lieu_ki_1_nam_3\CongNghePhanMemChuyenSau\HMS-total\HMS_Backend\infrastructure\jmeter\data/receptionist_credentials.csv
2026-01-08 21:36:08,561 INFO o.a.j.t.JMeterThread: Thread finished: Patient Users (27 VUs) 1-15
2026-01-08 21:36:08,765 INFO o.a.j.t.JMeterThread: Thread finished: Patient Users (27 VUs) 1-4
2026-01-08 21:36:09,196 INFO o.a.j.t.JMeterThread: Thread finished: Patient Users (27 VUs) 1-19
2026-01-08 21:36:09,666 ERROR o.a.j.c.CSVDataSet: java.io.IOException: File never reserved: d:\1_Hoc_Tap\1_1_Dai_Hoc\Tai_lieu_ki_1_nam_3\CongNghePhanMemChuyenSau\HMS-total\HMS_Backend\infrastructure\jmeter\data/patient_credentials.csv
2026-01-08 21:36:09,666 INFO o.a.j.t.JMeterThread: Thread finished: Patient Users (27 VUs) 1-26
2026-01-08 21:36:09,832 INFO o.a.j.t.JMeterThread: Thread finished: Patient Users (27 VUs) 1-11
2026-01-08 21:36:10,190 ERROR o.a.j.c.CSVDataSet: java.io.IOException: File never reserved: d:\1_Hoc_Tap\1_1_Dai_Hoc\Tai_lieu_ki_1_nam_3\CongNghePhanMemChuyenSau\HMS-total\HMS_Backend\infrastructure\jmeter\data/doctor_credentials.csv
2026-01-08 21:36:10,190 INFO o.a.j.t.JMeterThread: Thread finished: Doctor Users (9 VUs) 2-7
2026-01-08 21:36:10,313 ERROR o.a.j.c.CSVDataSet: java.io.IOException: File never reserved: d:\1_Hoc_Tap\1_1_Dai_Hoc\Tai_lieu_ki_1_nam_3\CongNghePhanMemChuyenSau\HMS-total\HMS_Backend\infrastructure\jmeter\data/patient_credentials.csv
2026-01-08 21:36:10,313 INFO o.a.j.t.JMeterThread: Thread finished: Patient Users (27 VUs) 1-27
2026-01-08 21:36:10,848 INFO o.a.j.t.JMeterThread: Thread finished: Patient Users (27 VUs) 1-3
2026-01-08 21:36:10,972 ERROR o.a.j.c.CSVDataSet: java.io.IOException: File never reserved: d:\1_Hoc_Tap\1_1_Dai_Hoc\Tai_lieu_ki_1_nam_3\CongNghePhanMemChuyenSau\HMS-total\HMS_Backend\infrastructure\jmeter\data/doctor_credentials.csv
2026-01-08 21:36:10,973 INFO o.a.j.t.JMeterThread: Thread finished: Doctor Users (9 VUs) 2-1
2026-01-08 21:36:11,050 INFO o.a.j.t.JMeterThread: Thread finished: Patient Users (27 VUs) 1-2
2026-01-08 21:36:11,227 INFO o.a.j.t.JMeterThread: Thread finished: Patient Users (27 VUs) 1-13
2026-01-08 21:36:11,624 INFO o.a.j.t.JMeterThread: Thread finished: Nurse Users (7 VUs) 3-3
2026-01-08 21:36:12,059 INFO o.a.j.t.JMeterThread: Thread finished: Patient Users (27 VUs) 1-7
2026-01-08 21:36:12,774 INFO o.a.j.t.JMeterThread: Thread finished: Patient Users (27 VUs) 1-9
2026-01-08 21:36:13,355 INFO o.a.j.t.JMeterThread: Thread finished: Patient Users (27 VUs) 1-20
2026-01-08 21:36:15,248 INFO o.a.j.t.JMeterThread: Thread finished: Patient Users (27 VUs) 1-12
2026-01-08 21:36:15,511 ERROR o.a.j.c.CSVDataSet: java.io.IOException: File never reserved: d:\1_Hoc_Tap\1_1_Dai_Hoc\Tai_lieu_ki_1_nam_3\CongNghePhanMemChuyenSau\HMS-total\HMS_Backend\infrastructure\jmeter\data/patient_credentials.csv
2026-01-08 21:36:15,511 INFO o.a.j.t.JMeterThread: Thread finished: Patient Users (27 VUs) 1-6
2026-01-08 21:36:15,823 INFO o.a.j.t.JMeterThread: Thread finished: Patient Users (27 VUs) 1-8
2026-01-08 21:36:17,469 ERROR o.a.j.c.CSVDataSet: java.io.IOException: File never reserved: d:\1_Hoc_Tap\1_1_Dai_Hoc\Tai_lieu_ki_1_nam_3\CongNghePhanMemChuyenSau\HMS-total\HMS_Backend\infrastructure\jmeter\data/doctor_credentials.csv
2026-01-08 21:36:17,469 INFO o.a.j.t.JMeterThread: Thread finished: Doctor Users (9 VUs) 2-3
2026-01-08 21:36:17,595 ERROR o.a.j.c.CSVDataSet: java.io.IOException: File never reserved: d:\1_Hoc_Tap\1_1_Dai_Hoc\Tai_lieu_ki_1_nam_3\CongNghePhanMemChuyenSau\HMS-total\HMS_Backend\infrastructure\jmeter\data/patient_credentials.csv
2026-01-08 21:36:17,595 INFO o.a.j.t.JMeterThread: Thread finished: Patient Users (27 VUs) 1-24
2026-01-08 21:36:17,671 INFO o.a.j.t.JMeterThread: Thread finished: Patient Users (27 VUs) 1-22
2026-01-08 21:36:17,768 ERROR o.a.j.c.CSVDataSet: java.io.IOException: File never reserved: d:\1_Hoc_Tap\1_1_Dai_Hoc\Tai_lieu_ki_1_nam_3\CongNghePhanMemChuyenSau\HMS-total\HMS_Backend\infrastructure\jmeter\data/receptionist_credentials.csv
2026-01-08 21:36:17,847 INFO o.a.j.t.JMeterThread: Thread finished: Patient Users (27 VUs) 1-17
2026-01-08 21:36:18,209 INFO o.a.j.t.JMeterThread: Thread finished: Patient Users (27 VUs) 1-1
2026-01-08 21:36:18,712 ERROR o.a.j.c.CSVDataSet: java.io.IOException: File never reserved: d:\1_Hoc_Tap\1_1_Dai_Hoc\Tai_lieu_ki_1_nam_3\CongNghePhanMemChuyenSau\HMS-total\HMS_Backend\infrastructure\jmeter\data/nurse_credentials.csv
2026-01-08 21:36:18,712 INFO o.a.j.t.JMeterThread: Thread finished: Nurse Users (7 VUs) 3-6
2026-01-08 21:36:19,697 ERROR o.a.j.c.CSVDataSet: java.io.IOException: File never reserved: d:\1_Hoc_Tap\1_1_Dai_Hoc\Tai_lieu_ki_1_nam_3\CongNghePhanMemChuyenSau\HMS-total\HMS_Backend\infrastructure\jmeter\data/receptionist_credentials.csv
2026-01-08 21:36:19,697 INFO o.a.j.t.JMeterThread: Thread finished: Receptionist Users (6 VUs) 4-6
2026-01-08 21:36:21,077 ERROR o.a.j.c.CSVDataSet: java.io.IOException: File never reserved: d:\1_Hoc_Tap\1_1_Dai_Hoc\Tai_lieu_ki_1_nam_3\CongNghePhanMemChuyenSau\HMS-total\HMS_Backend\infrastructure\jmeter\data/nurse_credentials.csv
2026-01-08 21:36:21,077 INFO o.a.j.t.JMeterThread: Thread finished: Nurse Users (7 VUs) 3-7
2026-01-08 21:36:21,673 ERROR o.a.j.c.CSVDataSet: java.io.IOException: File never reserved: d:\1_Hoc_Tap\1_1_Dai_Hoc\Tai_lieu_ki_1_nam_3\CongNghePhanMemChuyenSau\HMS-total\HMS_Backend\infrastructure\jmeter\data/doctor_credentials.csv
2026-01-08 21:36:21,673 INFO o.a.j.t.JMeterThread: Thread finished: Doctor Users (9 VUs) 2-2
2026-01-08 21:36:22,291 INFO o.a.j.t.JMeterThread: Thread finished: Nurse Users (7 VUs) 3-4
2026-01-08 21:36:22,412 INFO o.a.j.t.JMeterThread: Thread finished: Receptionist Users (6 VUs) 4-4
2026-01-08 21:36:24,489 INFO o.a.j.t.JMeterThread: Thread finished: Receptionist Users (6 VUs) 4-1
2026-01-08 21:36:26,934 ERROR o.a.j.c.CSVDataSet: java.io.IOException: File never reserved: d:\1_Hoc_Tap\1_1_Dai_Hoc\Tai_lieu_ki_1_nam_3\CongNghePhanMemChuyenSau\HMS-total\HMS_Backend\infrastructure\jmeter\data/nurse_credentials.csv
2026-01-08 21:36:26,935 INFO o.a.j.t.JMeterThread: Thread finished: Nurse Users (7 VUs) 3-1
2026-01-08 21:36:29,368 INFO o.a.j.t.JMeterThread: Thread finished: Admin User (1 VU) 5-1
2026-01-08 21:36:29,857 INFO o.a.j.t.JMeterThread: Thread finished: Receptionist Users (6 VUs) 4-2
2026-01-08 21:36:32,543 INFO o.a.j.t.JMeterThread: Thread finished: Receptionist Users (6 VUs) 4-5
2026-01-08 21:36:34,247 INFO o.a.j.t.JMeterThread: Thread finished: Receptionist Users (6 VUs) 4-3
2026-01-08 21:36:34,248 INFO o.a.j.e.StandardJMeterEngine: Notifying test listeners of end of test
2026-01-08 21:36:34,248 INFO o.a.j.g.u.JMeterMenuBar: setRunning(false, *local*)
2026-01-08 21:44:23,237 INFO o.a.j.e.StandardJMeterEngine: Running the test!
2026-01-08 21:44:23,237 INFO o.a.j.s.SampleEvent: List of sample_variables: []
2026-01-08 21:44:23,237 INFO o.a.j.g.u.JMeterMenuBar: setRunning(true, *local*)
2026-01-08 21:44:23,270 INFO o.a.j.e.StandardJMeterEngine: Starting ThreadGroup: 1 : Patient Users (27 VUs)
2026-01-08 21:44:23,270 INFO o.a.j.e.StandardJMeterEngine: Starting 27 threads for group Patient Users (27 VUs).
2026-01-08 21:44:23,270 INFO o.a.j.e.StandardJMeterEngine: Thread will continue on error
2026-01-08 21:44:23,270 INFO o.a.j.t.ThreadGroup: Starting thread group... number=1 threads=27 ramp-up=30 delayedStart=false
2026-01-08 21:44:23,272 INFO o.a.j.t.JMeterThread: Thread started: Patient Users (27 VUs) 1-1
2026-01-08 21:44:23,272 INFO o.a.j.s.FileServer: Stored: d:\1_Hoc_Tap\1_1_Dai_Hoc\Tai_lieu_ki_1_nam_3\CongNghePhanMemChuyenSau\HMS-total\HMS_Backend\infrastructure\jmeter\data/patient_credentials.csv
2026-01-08 21:44:23,274 INFO o.a.j.t.ThreadGroup: Started thread group number 1
2026-01-08 21:44:23,274 INFO o.a.j.e.StandardJMeterEngine: Starting ThreadGroup: 2 : Doctor Users (9 VUs)
2026-01-08 21:44:23,274 INFO o.a.j.e.StandardJMeterEngine: Starting 9 threads for group Doctor Users (9 VUs).
2026-01-08 21:44:23,274 INFO o.a.j.e.StandardJMeterEngine: Thread will continue on error
2026-01-08 21:44:23,274 INFO o.a.j.t.ThreadGroup: Starting thread group... number=2 threads=9 ramp-up=15 delayedStart=false
2026-01-08 21:44:23,274 INFO o.a.j.t.ThreadGroup: Started thread group number 2
2026-01-08 21:44:23,274 INFO o.a.j.e.StandardJMeterEngine: Starting ThreadGroup: 3 : Nurse Users (7 VUs)
2026-01-08 21:44:23,274 INFO o.a.j.e.StandardJMeterEngine: Starting 7 threads for group Nurse Users (7 VUs).
2026-01-08 21:44:23,274 INFO o.a.j.e.StandardJMeterEngine: Thread will continue on error
2026-01-08 21:44:23,274 INFO o.a.j.t.ThreadGroup: Starting thread group... number=3 threads=7 ramp-up=15 delayedStart=false
2026-01-08 21:44:23,275 INFO o.a.j.t.ThreadGroup: Started thread group number 3
2026-01-08 21:44:23,275 INFO o.a.j.e.StandardJMeterEngine: Starting ThreadGroup: 4 : Receptionist Users (6 VUs)
2026-01-08 21:44:23,275 INFO o.a.j.e.StandardJMeterEngine: Starting 6 threads for group Receptionist Users (6 VUs).
2026-01-08 21:44:23,275 INFO o.a.j.e.StandardJMeterEngine: Thread will continue on error
2026-01-08 21:44:23,275 INFO o.a.j.t.ThreadGroup: Starting thread group... number=4 threads=6 ramp-up=15 delayedStart=false
2026-01-08 21:44:23,275 INFO o.a.j.t.ThreadGroup: Started thread group number 4
2026-01-08 21:44:23,275 INFO o.a.j.e.StandardJMeterEngine: Starting ThreadGroup: 5 : Admin User (1 VU)
2026-01-08 21:44:23,275 INFO o.a.j.e.StandardJMeterEngine: Starting 1 threads for group Admin User (1 VU).
2026-01-08 21:44:23,275 INFO o.a.j.e.StandardJMeterEngine: Thread will continue on error
2026-01-08 21:44:23,275 INFO o.a.j.t.ThreadGroup: Starting thread group... number=5 threads=1 ramp-up=5 delayedStart=false
2026-01-08 21:44:23,275 INFO o.a.j.t.ThreadGroup: Started thread group number 5
2026-01-08 21:44:23,275 INFO o.a.j.e.StandardJMeterEngine: All thread groups have been started
2026-01-08 21:44:24,384 INFO o.a.j.t.JMeterThread: Thread started: Patient Users (27 VUs) 1-2
2026-01-08 21:44:25,495 INFO o.a.j.t.JMeterThread: Thread started: Patient Users (27 VUs) 1-3
2026-01-08 21:44:26,606 INFO o.a.j.t.JMeterThread: Thread started: Patient Users (27 VUs) 1-4
2026-01-08 21:44:27,715 INFO o.a.j.t.JMeterThread: Thread started: Patient Users (27 VUs) 1-5
2026-01-08 21:44:28,275 INFO o.a.j.t.JMeterThread: Thread started: Doctor Users (9 VUs) 2-1
2026-01-08 21:44:28,275 INFO o.a.j.s.FileServer: Stored: d:\1_Hoc_Tap\1_1_Dai_Hoc\Tai_lieu_ki_1_nam_3\CongNghePhanMemChuyenSau\HMS-total\HMS_Backend\infrastructure\jmeter\data/doctor_credentials.csv
2026-01-08 21:44:28,826 INFO o.a.j.t.JMeterThread: Thread started: Patient Users (27 VUs) 1-6
2026-01-08 21:44:29,938 INFO o.a.j.t.JMeterThread: Thread started: Patient Users (27 VUs) 1-7
2026-01-08 21:44:29,942 INFO o.a.j.t.JMeterThread: Thread started: Doctor Users (9 VUs) 2-2
2026-01-08 21:44:31,048 INFO o.a.j.t.JMeterThread: Thread started: Patient Users (27 VUs) 1-8
2026-01-08 21:44:31,609 INFO o.a.j.t.JMeterThread: Thread started: Doctor Users (9 VUs) 2-3
2026-01-08 21:44:32,160 INFO o.a.j.t.JMeterThread: Thread started: Patient Users (27 VUs) 1-9
2026-01-08 21:44:33,270 INFO o.a.j.t.JMeterThread: Thread started: Patient Users (27 VUs) 1-10
2026-01-08 21:44:33,275 INFO o.a.j.t.JMeterThread: Thread started: Nurse Users (7 VUs) 3-1
2026-01-08 21:44:33,275 INFO o.a.j.s.FileServer: Stored: d:\1_Hoc_Tap\1_1_Dai_Hoc\Tai_lieu_ki_1_nam_3\CongNghePhanMemChuyenSau\HMS-total\HMS_Backend\infrastructure\jmeter\data/nurse_credentials.csv
2026-01-08 21:44:33,277 INFO o.a.j.t.JMeterThread: Thread started: Doctor Users (9 VUs) 2-4
2026-01-08 21:44:34,382 INFO o.a.j.t.JMeterThread: Thread started: Patient Users (27 VUs) 1-11
2026-01-08 21:44:34,944 INFO o.a.j.t.JMeterThread: Thread started: Doctor Users (9 VUs) 2-5
2026-01-08 21:44:35,419 INFO o.a.j.t.JMeterThread: Thread started: Nurse Users (7 VUs) 3-2
2026-01-08 21:44:35,493 INFO o.a.j.t.JMeterThread: Thread started: Patient Users (27 VUs) 1-12
2026-01-08 21:44:36,603 INFO o.a.j.t.JMeterThread: Thread started: Patient Users (27 VUs) 1-13
2026-01-08 21:44:36,611 INFO o.a.j.t.JMeterThread: Thread started: Doctor Users (9 VUs) 2-6
2026-01-08 21:44:37,561 INFO o.a.j.t.JMeterThread: Thread started: Nurse Users (7 VUs) 3-3
2026-01-08 21:44:37,715 INFO o.a.j.t.JMeterThread: Thread started: Patient Users (27 VUs) 1-14
2026-01-08 21:44:38,275 INFO o.a.j.t.JMeterThread: Thread started: Receptionist Users (6 VUs) 4-1
2026-01-08 21:44:38,275 INFO o.a.j.s.FileServer: Stored: d:\1_Hoc_Tap\1_1_Dai_Hoc\Tai_lieu_ki_1_nam_3\CongNghePhanMemChuyenSau\HMS-total\HMS_Backend\infrastructure\jmeter\data/receptionist_credentials.csv
2026-01-08 21:44:38,278 INFO o.a.j.t.JMeterThread: Thread started: Doctor Users (9 VUs) 2-7
2026-01-08 21:44:38,824 INFO o.a.j.t.JMeterThread: Thread started: Patient Users (27 VUs) 1-15
2026-01-08 21:44:39,704 INFO o.a.j.t.JMeterThread: Thread started: Nurse Users (7 VUs) 3-4
2026-01-08 21:44:39,936 INFO o.a.j.t.JMeterThread: Thread started: Patient Users (27 VUs) 1-16
2026-01-08 21:44:39,944 INFO o.a.j.t.JMeterThread: Thread started: Doctor Users (9 VUs) 2-8
2026-01-08 21:44:40,776 INFO o.a.j.t.JMeterThread: Thread started: Receptionist Users (6 VUs) 4-2
2026-01-08 21:44:41,049 INFO o.a.j.t.JMeterThread: Thread started: Patient Users (27 VUs) 1-17
2026-01-08 21:44:41,611 INFO o.a.j.t.JMeterThread: Thread started: Doctor Users (9 VUs) 2-9
2026-01-08 21:44:41,848 INFO o.a.j.t.JMeterThread: Thread started: Nurse Users (7 VUs) 3-5
2026-01-08 21:44:42,159 INFO o.a.j.t.JMeterThread: Thread started: Patient Users (27 VUs) 1-18
2026-01-08 21:44:43,270 INFO o.a.j.t.JMeterThread: Thread started: Patient Users (27 VUs) 1-19
2026-01-08 21:44:43,275 INFO o.a.j.t.JMeterThread: Thread started: Admin User (1 VU) 5-1
2026-01-08 21:44:43,275 INFO o.a.j.t.JMeterThread: Thread started: Receptionist Users (6 VUs) 4-3
2026-01-08 21:44:43,990 INFO o.a.j.t.JMeterThread: Thread started: Nurse Users (7 VUs) 3-6
2026-01-08 21:44:44,380 INFO o.a.j.t.JMeterThread: Thread started: Patient Users (27 VUs) 1-20
2026-01-08 21:44:45,493 INFO o.a.j.t.JMeterThread: Thread started: Patient Users (27 VUs) 1-21
2026-01-08 21:44:45,775 INFO o.a.j.t.JMeterThread: Thread started: Receptionist Users (6 VUs) 4-4
2026-01-08 21:44:46,133 INFO o.a.j.t.JMeterThread: Thread started: Nurse Users (7 VUs) 3-7
2026-01-08 21:44:46,603 INFO o.a.j.t.JMeterThread: Thread started: Patient Users (27 VUs) 1-22
2026-01-08 21:44:47,715 INFO o.a.j.t.JMeterThread: Thread started: Patient Users (27 VUs) 1-23
2026-01-08 21:44:48,276 INFO o.a.j.t.JMeterThread: Thread started: Receptionist Users (6 VUs) 4-5
2026-01-08 21:44:48,826 INFO o.a.j.t.JMeterThread: Thread started: Patient Users (27 VUs) 1-24
2026-01-08 21:44:49,936 INFO o.a.j.t.JMeterThread: Thread started: Patient Users (27 VUs) 1-25
2026-01-08 21:44:50,776 INFO o.a.j.t.JMeterThread: Thread started: Receptionist Users (6 VUs) 4-6
2026-01-08 21:44:51,047 INFO o.a.j.t.JMeterThread: Thread started: Patient Users (27 VUs) 1-26
2026-01-08 21:44:52,157 INFO o.a.j.t.JMeterThread: Thread started: Patient Users (27 VUs) 1-27
2026-01-08 21:45:03,001 INFO o.a.j.g.a.Start: Stopping test
2026-01-08 21:45:03,008 INFO o.a.j.t.JMeterThread: Stopping: Patient Users (27 VUs) 1-14
2026-01-08 21:45:03,008 INFO o.a.j.t.JMeterThread: Stopping: Patient Users (27 VUs) 1-15
2026-01-08 21:45:03,008 INFO o.a.j.t.JMeterThread: Stopping: Patient Users (27 VUs) 1-23
2026-01-08 21:45:03,008 INFO o.a.j.t.JMeterThread: Stopping: Patient Users (27 VUs) 1-7
2026-01-08 21:45:03,008 INFO o.a.j.t.JMeterThread: Stopping: Patient Users (27 VUs) 1-11
2026-01-08 21:45:03,008 INFO o.a.j.t.JMeterThread: Stopping: Patient Users (27 VUs) 1-19
2026-01-08 21:45:03,008 WARN o.a.j.t.JMeterThread: The delay timer was interrupted - probably did not wait as long as intended.
2026-01-08 21:45:03,008 INFO o.a.j.t.JMeterThread: Stopping: Patient Users (27 VUs) 1-3
2026-01-08 21:45:03,008 WARN o.a.j.t.JMeterThread: The delay timer was interrupted - probably did not wait as long as intended.
2026-01-08 21:45:03,008 WARN o.a.j.t.JMeterThread: The delay timer was interrupted - probably did not wait as long as intended.
2026-01-08 21:45:03,008 INFO o.a.j.t.JMeterThread: Thread finished: Patient Users (27 VUs) 1-11
2026-01-08 21:45:03,008 INFO o.a.j.t.JMeterThread: Thread finished: Patient Users (27 VUs) 1-23
2026-01-08 21:45:03,008 INFO o.a.j.t.JMeterThread: Thread finished: Patient Users (27 VUs) 1-14
2026-01-08 21:45:03,008 WARN o.a.j.t.JMeterThread: The delay timer was interrupted - probably did not wait as long as intended.
2026-01-08 21:45:03,008 WARN o.a.j.t.JMeterThread: The delay timer was interrupted - probably did not wait as long as intended.
2026-01-08 21:45:03,008 WARN o.a.j.t.JMeterThread: The delay timer was interrupted - probably did not wait as long as intended.
2026-01-08 21:45:03,008 INFO o.a.j.t.JMeterThread: Thread finished: Patient Users (27 VUs) 1-7
2026-01-08 21:45:03,008 WARN o.a.j.t.JMeterThread: The delay timer was interrupted - probably did not wait as long as intended.
2026-01-08 21:45:03,008 INFO o.a.j.t.JMeterThread: Thread finished: Patient Users (27 VUs) 1-15
2026-01-08 21:45:03,009 INFO o.a.j.t.JMeterThread: Thread finished: Patient Users (27 VUs) 1-19
2026-01-08 21:45:03,008 INFO o.a.j.t.JMeterThread: Thread finished: Patient Users (27 VUs) 1-3
2026-01-08 21:45:03,008 INFO o.a.j.t.JMeterThread: Stopping: Patient Users (27 VUs) 1-5
2026-01-08 21:45:03,009 INFO o.a.j.t.JMeterThread: Stopping: Patient Users (27 VUs) 1-12
2026-01-08 21:45:03,009 WARN o.a.j.t.JMeterThread: The delay timer was interrupted - probably did not wait as long as intended.
2026-01-08 21:45:03,009 INFO o.a.j.t.JMeterThread: Stopping: Patient Users (27 VUs) 1-16
2026-01-08 21:45:03,009 WARN o.a.j.t.JMeterThread: The delay timer was interrupted - probably did not wait as long as intended.
2026-01-08 21:45:03,010 INFO o.a.j.t.JMeterThread: Stopping: Patient Users (27 VUs) 1-8
2026-01-08 21:45:03,010 INFO o.a.j.t.JMeterThread: Thread finished: Patient Users (27 VUs) 1-5
2026-01-08 21:45:03,010 INFO o.a.j.t.JMeterThread: Stopping: Patient Users (27 VUs) 1-1
2026-01-08 21:45:03,010 INFO o.a.j.t.JMeterThread: Thread finished: Patient Users (27 VUs) 1-12
2026-01-08 21:45:03,010 WARN o.a.j.t.JMeterThread: The delay timer was interrupted - probably did not wait as long as intended.
2026-01-08 21:45:03,010 INFO o.a.j.t.JMeterThread: Stopping: Patient Users (27 VUs) 1-21
2026-01-08 21:45:03,010 WARN o.a.j.t.JMeterThread: The delay timer was interrupted - probably did not wait as long as intended.
2026-01-08 21:45:03,010 INFO o.a.j.t.JMeterThread: Thread finished: Patient Users (27 VUs) 1-16
2026-01-08 21:45:03,010 INFO o.a.j.t.JMeterThread: Thread finished: Patient Users (27 VUs) 1-1
2026-01-08 21:45:03,010 INFO o.a.j.t.JMeterThread: Stopping: Patient Users (27 VUs) 1-10
2026-01-08 21:45:03,010 INFO o.a.j.t.JMeterThread: Stopping: Patient Users (27 VUs) 1-6
2026-01-08 21:45:03,010 INFO o.a.j.t.JMeterThread: Stopping: Patient Users (27 VUs) 1-25
2026-01-08 21:45:03,010 INFO o.a.j.t.JMeterThread: Stopping: Patient Users (27 VUs) 1-26
2026-01-08 21:45:03,010 INFO o.a.j.t.JMeterThread: Stopping: Patient Users (27 VUs) 1-27
2026-01-08 21:45:03,010 WARN o.a.j.t.JMeterThread: The delay timer was interrupted - probably did not wait as long as intended.
2026-01-08 21:45:03,010 WARN o.a.j.t.JMeterThread: The delay timer was interrupted - probably did not wait as long as intended.
2026-01-08 21:45:03,010 WARN o.a.j.t.JMeterThread: The delay timer was interrupted - probably did not wait as long as intended.
2026-01-08 21:45:03,010 INFO o.a.j.t.JMeterThread: Thread finished: Patient Users (27 VUs) 1-26
2026-01-08 21:45:03,010 WARN o.a.j.t.JMeterThread: The delay timer was interrupted - probably did not wait as long as intended.
2026-01-08 21:45:03,010 WARN o.a.j.t.JMeterThread: The delay timer was interrupted - probably did not wait as long as intended.
2026-01-08 21:45:03,010 INFO o.a.j.t.JMeterThread: Thread finished: Patient Users (27 VUs) 1-21
2026-01-08 21:45:03,010 INFO o.a.j.t.JMeterThread: Stopping: Patient Users (27 VUs) 1-4
2026-01-08 21:45:03,010 INFO o.a.j.t.JMeterThread: Thread finished: Patient Users (27 VUs) 1-6
2026-01-08 21:45:03,010 INFO o.a.j.t.JMeterThread: Thread finished: Patient Users (27 VUs) 1-8
2026-01-08 21:45:03,010 WARN o.a.j.t.JMeterThread: The delay timer was interrupted - probably did not wait as long as intended.
2026-01-08 21:45:03,011 INFO o.a.j.t.JMeterThread: Thread finished: Patient Users (27 VUs) 1-25
2026-01-08 21:45:03,010 WARN o.a.j.t.JMeterThread: The delay timer was interrupted - probably did not wait as long as intended.
2026-01-08 21:45:03,011 INFO o.a.j.t.JMeterThread: Thread finished: Patient Users (27 VUs) 1-10
2026-01-08 21:45:03,011 INFO o.a.j.t.JMeterThread: Stopping: Patient Users (27 VUs) 1-9
2026-01-08 21:45:03,011 INFO o.a.j.t.JMeterThread: Stopping: Patient Users (27 VUs) 1-18
2026-01-08 21:45:03,011 INFO o.a.j.t.JMeterThread: Stopping: Patient Users (27 VUs) 1-22
2026-01-08 21:45:03,011 INFO o.a.j.t.JMeterThread: Stopping: Patient Users (27 VUs) 1-20
2026-01-08 21:45:03,011 INFO o.a.j.t.JMeterThread: Thread finished: Patient Users (27 VUs) 1-27
2026-01-08 21:45:03,011 WARN o.a.j.t.JMeterThread: The delay timer was interrupted - probably did not wait as long as intended.
2026-01-08 21:45:03,011 WARN o.a.j.t.JMeterThread: The delay timer was interrupted - probably did not wait as long as intended.
2026-01-08 21:45:03,011 WARN o.a.j.t.JMeterThread: The delay timer was interrupted - probably did not wait as long as intended.
2026-01-08 21:45:03,011 WARN o.a.j.t.JMeterThread: The delay timer was interrupted - probably did not wait as long as intended.
2026-01-08 21:45:03,011 INFO o.a.j.t.JMeterThread: Thread finished: Patient Users (27 VUs) 1-20
2026-01-08 21:45:03,011 INFO o.a.j.t.JMeterThread: Thread finished: Patient Users (27 VUs) 1-4
2026-01-08 21:45:03,011 INFO o.a.j.t.JMeterThread: Thread finished: Patient Users (27 VUs) 1-18
2026-01-08 21:45:03,011 WARN o.a.j.t.JMeterThread: The delay timer was interrupted - probably did not wait as long as intended.
2026-01-08 21:45:03,011 INFO o.a.j.t.JMeterThread: Thread finished: Patient Users (27 VUs) 1-9
2026-01-08 21:45:03,011 INFO o.a.j.t.JMeterThread: Stopping: Patient Users (27 VUs) 1-2
2026-01-08 21:45:03,012 INFO o.a.j.t.JMeterThread: Thread finished: Patient Users (27 VUs) 1-22
2026-01-08 21:45:03,012 INFO o.a.j.t.JMeterThread: Stopping: Patient Users (27 VUs) 1-13
2026-01-08 21:45:03,012 INFO o.a.j.t.JMeterThread: Stopping: Patient Users (27 VUs) 1-17
2026-01-08 21:45:03,012 WARN o.a.j.t.JMeterThread: The delay timer was interrupted - probably did not wait as long as intended.
2026-01-08 21:45:03,012 INFO o.a.j.t.JMeterThread: Stopping: Patient Users (27 VUs) 1-24
2026-01-08 21:45:03,012 WARN o.a.j.t.JMeterThread: The delay timer was interrupted - probably did not wait as long as intended.
2026-01-08 21:45:03,012 WARN o.a.j.t.JMeterThread: The delay timer was interrupted - probably did not wait as long as intended.
2026-01-08 21:45:03,012 INFO o.a.j.t.JMeterThread: Stopping: Doctor Users (9 VUs) 2-1
2026-01-08 21:45:03,012 WARN o.a.j.t.JMeterThread: The delay timer was interrupted - probably did not wait as long as intended.
2026-01-08 21:45:03,012 INFO o.a.j.t.JMeterThread: Thread finished: Patient Users (27 VUs) 1-13
2026-01-08 21:45:03,012 INFO o.a.j.t.JMeterThread: Thread finished: Patient Users (27 VUs) 1-2
2026-01-08 21:45:03,012 WARN o.a.j.t.JMeterThread: The delay timer was interrupted - probably did not wait as long as intended.
2026-01-08 21:45:03,012 INFO o.a.j.t.JMeterThread: Thread finished: Patient Users (27 VUs) 1-17
2026-01-08 21:45:03,012 INFO o.a.j.t.JMeterThread: Stopping: Doctor Users (9 VUs) 2-6
2026-01-08 21:45:03,012 INFO o.a.j.t.JMeterThread: Thread finished: Patient Users (27 VUs) 1-24
2026-01-08 21:45:03,012 INFO o.a.j.t.JMeterThread: Thread finished: Doctor Users (9 VUs) 2-1
2026-01-08 21:45:03,012 INFO o.a.j.t.JMeterThread: Stopping: Doctor Users (9 VUs) 2-2
2026-01-08 21:45:03,012 INFO o.a.j.t.JMeterThread: Stopping: Doctor Users (9 VUs) 2-5
2026-01-08 21:45:03,012 WARN o.a.j.t.JMeterThread: The delay timer was interrupted - probably did not wait as long as intended.
2026-01-08 21:45:03,012 WARN o.a.j.t.JMeterThread: The delay timer was interrupted - probably did not wait as long as intended.
2026-01-08 21:45:03,012 INFO o.a.j.t.JMeterThread: Thread finished: Doctor Users (9 VUs) 2-2
2026-01-08 21:45:03,012 INFO o.a.j.t.JMeterThread: Stopping: Doctor Users (9 VUs) 2-8
2026-01-08 21:45:03,012 INFO o.a.j.t.JMeterThread: Thread finished: Doctor Users (9 VUs) 2-6
2026-01-08 21:45:03,012 WARN o.a.j.t.JMeterThread: The delay timer was interrupted - probably did not wait as long as intended.
2026-01-08 21:45:03,012 INFO o.a.j.t.JMeterThread: Stopping: Doctor Users (9 VUs) 2-4
2026-01-08 21:45:03,012 INFO o.a.j.t.JMeterThread: Stopping: Doctor Users (9 VUs) 2-7
2026-01-08 21:45:03,012 INFO o.a.j.t.JMeterThread: Stopping: Doctor Users (9 VUs) 2-9
2026-01-08 21:45:03,012 WARN o.a.j.t.JMeterThread: The delay timer was interrupted - probably did not wait as long as intended.
2026-01-08 21:45:03,012 WARN o.a.j.t.JMeterThread: The delay timer was interrupted - probably did not wait as long as intended.
2026-01-08 21:45:03,012 INFO o.a.j.t.JMeterThread: Thread finished: Doctor Users (9 VUs) 2-5
2026-01-08 21:45:03,012 INFO o.a.j.t.JMeterThread: Stopping: Doctor Users (9 VUs) 2-3
2026-01-08 21:45:03,012 WARN o.a.j.t.JMeterThread: The delay timer was interrupted - probably did not wait as long as intended.
2026-01-08 21:45:03,013 INFO o.a.j.t.JMeterThread: Thread finished: Doctor Users (9 VUs) 2-4
2026-01-08 21:45:03,012 WARN o.a.j.t.JMeterThread: The delay timer was interrupted - probably did not wait as long as intended.
2026-01-08 21:45:03,012 INFO o.a.j.t.JMeterThread: Thread finished: Doctor Users (9 VUs) 2-8
2026-01-08 21:45:03,013 INFO o.a.j.t.JMeterThread: Thread finished: Doctor Users (9 VUs) 2-9
2026-01-08 21:45:03,013 INFO o.a.j.t.JMeterThread: Stopping: Nurse Users (7 VUs) 3-7
2026-01-08 21:45:03,013 INFO o.a.j.t.JMeterThread: Thread finished: Doctor Users (9 VUs) 2-7
2026-01-08 21:45:03,013 WARN o.a.j.t.JMeterThread: The delay timer was interrupted - probably did not wait as long as intended.
2026-01-08 21:45:03,013 INFO o.a.j.t.JMeterThread: Stopping: Nurse Users (7 VUs) 3-2
2026-01-08 21:45:03,013 WARN o.a.j.t.JMeterThread: The delay timer was interrupted - probably did not wait as long as intended.
2026-01-08 21:45:03,013 INFO o.a.j.t.JMeterThread: Stopping: Nurse Users (7 VUs) 3-3
2026-01-08 21:45:03,013 INFO o.a.j.t.JMeterThread: Thread finished: Nurse Users (7 VUs) 3-7
2026-01-08 21:45:03,013 INFO o.a.j.t.JMeterThread: Thread finished: Doctor Users (9 VUs) 2-3
2026-01-08 21:45:03,013 WARN o.a.j.t.JMeterThread: The delay timer was interrupted - probably did not wait as long as intended.
2026-01-08 21:45:03,013 INFO o.a.j.t.JMeterThread: Stopping: Nurse Users (7 VUs) 3-6
2026-01-08 21:45:03,013 WARN o.a.j.t.JMeterThread: The delay timer was interrupted - probably did not wait as long as intended.
2026-01-08 21:45:03,013 WARN o.a.j.t.JMeterThread: The delay timer was interrupted - probably did not wait as long as intended.
2026-01-08 21:45:03,013 INFO o.a.j.t.JMeterThread: Thread finished: Nurse Users (7 VUs) 3-3
2026-01-08 21:45:03,013 INFO o.a.j.t.JMeterThread: Thread finished: Nurse Users (7 VUs) 3-6
2026-01-08 21:45:03,013 INFO o.a.j.t.JMeterThread: Thread finished: Nurse Users (7 VUs) 3-2
2026-01-08 21:45:03,013 INFO o.a.j.t.JMeterThread: Stopping: Nurse Users (7 VUs) 3-5
2026-01-08 21:45:03,013 INFO o.a.j.t.JMeterThread: Stopping: Nurse Users (7 VUs) 3-1
2026-01-08 21:45:03,013 INFO o.a.j.t.JMeterThread: Stopping: Nurse Users (7 VUs) 3-4
2026-01-08 21:45:03,013 INFO o.a.j.t.JMeterThread: Stopping: Receptionist Users (6 VUs) 4-6
2026-01-08 21:45:03,013 WARN o.a.j.t.JMeterThread: The delay timer was interrupted - probably did not wait as long as intended.
2026-01-08 21:45:03,013 INFO o.a.j.t.JMeterThread: Stopping: Receptionist Users (6 VUs) 4-5
2026-01-08 21:45:03,013 INFO o.a.j.t.JMeterThread: Stopping: Receptionist Users (6 VUs) 4-1
2026-01-08 21:45:03,013 INFO o.a.j.t.JMeterThread: Thread finished: Nurse Users (7 VUs) 3-1
2026-01-08 21:45:03,013 WARN o.a.j.t.JMeterThread: The delay timer was interrupted - probably did not wait as long as intended.
2026-01-08 21:45:03,013 WARN o.a.j.t.JMeterThread: The delay timer was interrupted - probably did not wait as long as intended.
2026-01-08 21:45:03,013 INFO o.a.j.t.JMeterThread: Stopping: Receptionist Users (6 VUs) 4-4
2026-01-08 21:45:03,013 WARN o.a.j.t.JMeterThread: The delay timer was interrupted - probably did not wait as long as intended.
2026-01-08 21:45:03,013 INFO o.a.j.t.JMeterThread: Thread finished: Receptionist Users (6 VUs) 4-6
2026-01-08 21:45:03,013 INFO o.a.j.t.JMeterThread: Thread finished: Receptionist Users (6 VUs) 4-5
2026-01-08 21:45:03,013 WARN o.a.j.t.JMeterThread: The delay timer was interrupted - probably did not wait as long as intended.
2026-01-08 21:45:03,013 INFO o.a.j.t.JMeterThread: Thread finished: Receptionist Users (6 VUs) 4-1
2026-01-08 21:45:03,013 WARN o.a.j.t.JMeterThread: The delay timer was interrupted - probably did not wait as long as intended.
2026-01-08 21:45:03,013 INFO o.a.j.t.JMeterThread: Thread finished: Nurse Users (7 VUs) 3-5
2026-01-08 21:45:03,013 WARN o.a.j.t.JMeterThread: The delay timer was interrupted - probably did not wait as long as intended.
2026-01-08 21:45:03,013 INFO o.a.j.t.JMeterThread: Stopping: Receptionist Users (6 VUs) 4-2
2026-01-08 21:45:03,013 INFO o.a.j.t.JMeterThread: Thread finished: Receptionist Users (6 VUs) 4-4
2026-01-08 21:45:03,013 INFO o.a.j.t.JMeterThread: Stopping: Receptionist Users (6 VUs) 4-3
2026-01-08 21:45:03,014 INFO o.a.j.t.JMeterThread: Stopping: Admin User (1 VU) 5-1
2026-01-08 21:45:03,013 INFO o.a.j.t.JMeterThread: Thread finished: Nurse Users (7 VUs) 3-4
2026-01-08 21:45:03,015 WARN o.a.j.t.JMeterThread: The delay timer was interrupted - probably did not wait as long as intended.
2026-01-08 21:45:03,015 WARN o.a.j.t.JMeterThread: The delay timer was interrupted - probably did not wait as long as intended.
2026-01-08 21:45:03,015 WARN o.a.j.t.JMeterThread: The delay timer was interrupted - probably did not wait as long as intended.
2026-01-08 21:45:03,015 INFO o.a.j.t.JMeterThread: Thread finished: Receptionist Users (6 VUs) 4-3
2026-01-08 21:45:03,015 INFO o.a.j.t.JMeterThread: Thread finished: Receptionist Users (6 VUs) 4-2
2026-01-08 21:45:03,015 INFO o.a.j.t.JMeterThread: Thread finished: Admin User (1 VU) 5-1
2026-01-08 21:45:03,015 INFO o.a.j.e.StandardJMeterEngine: Notifying test listeners of end of test
2026-01-08 21:45:03,015 INFO o.a.j.s.FileServer: Close: d:\1_Hoc_Tap\1_1_Dai_Hoc\Tai_lieu_ki_1_nam_3\CongNghePhanMemChuyenSau\HMS-total\HMS_Backend\infrastructure\jmeter\data/nurse_credentials.csv
2026-01-08 21:45:03,015 INFO o.a.j.s.FileServer: Close: d:\1_Hoc_Tap\1_1_Dai_Hoc\Tai_lieu_ki_1_nam_3\CongNghePhanMemChuyenSau\HMS-total\HMS_Backend\infrastructure\jmeter\data/receptionist_credentials.csv
2026-01-08 21:45:03,015 INFO o.a.j.s.FileServer: Close: d:\1_Hoc_Tap\1_1_Dai_Hoc\Tai_lieu_ki_1_nam_3\CongNghePhanMemChuyenSau\HMS-total\HMS_Backend\infrastructure\jmeter\data/doctor_credentials.csv
2026-01-08 21:45:03,016 INFO o.a.j.s.FileServer: Close: d:\1_Hoc_Tap\1_1_Dai_Hoc\Tai_lieu_ki_1_nam_3\CongNghePhanMemChuyenSau\HMS-total\HMS_Backend\infrastructure\jmeter\data/patient_credentials.csv
2026-01-08 21:45:03,016 INFO o.a.j.g.u.JMeterMenuBar: setRunning(false, *local*)
2026-01-08 21:50:33,806 INFO o.a.j.e.StandardJMeterEngine: Running the test!
2026-01-08 21:50:33,806 INFO o.a.j.s.SampleEvent: List of sample_variables: []
2026-01-08 21:50:33,807 INFO o.a.j.g.u.JMeterMenuBar: setRunning(true, *local*)
2026-01-08 21:50:33,862 INFO o.a.j.e.StandardJMeterEngine: Starting ThreadGroup: 1 : Patient Users (27 VUs)
2026-01-08 21:50:33,862 INFO o.a.j.e.StandardJMeterEngine: Starting 27 threads for group Patient Users (27 VUs).
2026-01-08 21:50:33,862 INFO o.a.j.e.StandardJMeterEngine: Thread will continue on error
2026-01-08 21:50:33,862 INFO o.a.j.t.ThreadGroup: Starting thread group... number=1 threads=27 ramp-up=30 delayedStart=false
2026-01-08 21:50:33,863 INFO o.a.j.t.JMeterThread: Thread started: Patient Users (27 VUs) 1-1
2026-01-08 21:50:33,863 INFO o.a.j.s.FileServer: Stored: d:\1_Hoc_Tap\1_1_Dai_Hoc\Tai_lieu_ki_1_nam_3\CongNghePhanMemChuyenSau\HMS-total\HMS_Backend\infrastructure\jmeter\data/patient_credentials.csv
2026-01-08 21:50:33,865 INFO o.a.j.t.ThreadGroup: Started thread group number 1
2026-01-08 21:50:33,865 INFO o.a.j.e.StandardJMeterEngine: Starting ThreadGroup: 2 : Doctor Users (9 VUs)
2026-01-08 21:50:33,865 INFO o.a.j.e.StandardJMeterEngine: Starting 9 threads for group Doctor Users (9 VUs).
2026-01-08 21:50:33,865 INFO o.a.j.e.StandardJMeterEngine: Thread will continue on error
2026-01-08 21:50:33,865 INFO o.a.j.t.ThreadGroup: Starting thread group... number=2 threads=9 ramp-up=15 delayedStart=false
2026-01-08 21:50:33,866 INFO o.a.j.t.ThreadGroup: Started thread group number 2
2026-01-08 21:50:33,866 INFO o.a.j.e.StandardJMeterEngine: Starting ThreadGroup: 3 : Nurse Users (7 VUs)
2026-01-08 21:50:33,866 INFO o.a.j.e.StandardJMeterEngine: Starting 7 threads for group Nurse Users (7 VUs).
2026-01-08 21:50:33,866 INFO o.a.j.e.StandardJMeterEngine: Thread will continue on error
2026-01-08 21:50:33,867 INFO o.a.j.t.ThreadGroup: Starting thread group... number=3 threads=7 ramp-up=15 delayedStart=false
2026-01-08 21:50:33,867 INFO o.a.j.t.ThreadGroup: Started thread group number 3
2026-01-08 21:50:33,867 INFO o.a.j.e.StandardJMeterEngine: Starting ThreadGroup: 4 : Receptionist Users (6 VUs)
2026-01-08 21:50:33,867 INFO o.a.j.e.StandardJMeterEngine: Starting 6 threads for group Receptionist Users (6 VUs).
2026-01-08 21:50:33,867 INFO o.a.j.e.StandardJMeterEngine: Thread will continue on error
2026-01-08 21:50:33,867 INFO o.a.j.t.ThreadGroup: Starting thread group... number=4 threads=6 ramp-up=15 delayedStart=false
2026-01-08 21:50:33,868 INFO o.a.j.t.ThreadGroup: Started thread group number 4
2026-01-08 21:50:33,868 INFO o.a.j.e.StandardJMeterEngine: Starting ThreadGroup: 5 : Admin User (1 VU)
2026-01-08 21:50:33,868 INFO o.a.j.e.StandardJMeterEngine: Starting 1 threads for group Admin User (1 VU).
2026-01-08 21:50:33,868 INFO o.a.j.e.StandardJMeterEngine: Thread will continue on error
2026-01-08 21:50:33,868 INFO o.a.j.t.ThreadGroup: Starting thread group... number=5 threads=1 ramp-up=5 delayedStart=false
2026-01-08 21:50:33,868 INFO o.a.j.t.ThreadGroup: Started thread group number 5
2026-01-08 21:50:33,868 INFO o.a.j.e.StandardJMeterEngine: All thread groups have been started
2026-01-08 21:50:34,975 INFO o.a.j.t.JMeterThread: Thread started: Patient Users (27 VUs) 1-2
2026-01-08 21:50:36,085 INFO o.a.j.t.JMeterThread: Thread started: Patient Users (27 VUs) 1-3
2026-01-08 21:50:37,196 INFO o.a.j.t.JMeterThread: Thread started: Patient Users (27 VUs) 1-4
2026-01-08 21:50:38,307 INFO o.a.j.t.JMeterThread: Thread started: Patient Users (27 VUs) 1-5
2026-01-08 21:50:38,866 INFO o.a.j.t.JMeterThread: Thread started: Doctor Users (9 VUs) 2-1
2026-01-08 21:50:38,866 INFO o.a.j.s.FileServer: Stored: d:\1_Hoc_Tap\1_1_Dai_Hoc\Tai_lieu_ki_1_nam_3\CongNghePhanMemChuyenSau\HMS-total\HMS_Backend\infrastructure\jmeter\data/doctor_credentials.csv
2026-01-08 21:50:39,417 INFO o.a.j.t.JMeterThread: Thread started: Patient Users (27 VUs) 1-6
2026-01-08 21:50:40,528 INFO o.a.j.t.JMeterThread: Thread started: Patient Users (27 VUs) 1-7
2026-01-08 21:50:40,534 INFO o.a.j.t.JMeterThread: Thread started: Doctor Users (9 VUs) 2-2
2026-01-08 21:50:41,640 INFO o.a.j.t.JMeterThread: Thread started: Patient Users (27 VUs) 1-8
2026-01-08 21:50:42,201 INFO o.a.j.t.JMeterThread: Thread started: Doctor Users (9 VUs) 2-3
2026-01-08 21:50:42,750 INFO o.a.j.t.JMeterThread: Thread started: Patient Users (27 VUs) 1-9
2026-01-08 21:50:43,861 INFO o.a.j.t.JMeterThread: Thread started: Patient Users (27 VUs) 1-10
2026-01-08 21:50:43,867 INFO o.a.j.t.JMeterThread: Thread started: Nurse Users (7 VUs) 3-1
2026-01-08 21:50:43,867 INFO o.a.j.s.FileServer: Stored: d:\1_Hoc_Tap\1_1_Dai_Hoc\Tai_lieu_ki_1_nam_3\CongNghePhanMemChuyenSau\HMS-total\HMS_Backend\infrastructure\jmeter\data/nurse_credentials.csv
2026-01-08 21:50:43,868 INFO o.a.j.t.JMeterThread: Thread started: Doctor Users (9 VUs) 2-4
2026-01-08 21:50:44,975 INFO o.a.j.t.JMeterThread: Thread started: Patient Users (27 VUs) 1-11
2026-01-08 21:50:45,534 INFO o.a.j.t.JMeterThread: Thread started: Doctor Users (9 VUs) 2-5
2026-01-08 21:50:46,011 INFO o.a.j.t.JMeterThread: Thread started: Nurse Users (7 VUs) 3-2
2026-01-08 21:50:46,086 INFO o.a.j.t.JMeterThread: Thread started: Patient Users (27 VUs) 1-12
2026-01-08 21:50:47,196 INFO o.a.j.t.JMeterThread: Thread started: Patient Users (27 VUs) 1-13
2026-01-08 21:50:47,202 INFO o.a.j.t.JMeterThread: Thread started: Doctor Users (9 VUs) 2-6
2026-01-08 21:50:48,154 INFO o.a.j.t.JMeterThread: Thread started: Nurse Users (7 VUs) 3-3
2026-01-08 21:50:48,308 INFO o.a.j.t.JMeterThread: Thread started: Patient Users (27 VUs) 1-14
2026-01-08 21:50:48,868 INFO o.a.j.t.JMeterThread: Thread started: Receptionist Users (6 VUs) 4-1
2026-01-08 21:50:48,868 INFO o.a.j.s.FileServer: Stored: d:\1_Hoc_Tap\1_1_Dai_Hoc\Tai_lieu_ki_1_nam_3\CongNghePhanMemChuyenSau\HMS-total\HMS_Backend\infrastructure\jmeter\data/receptionist_credentials.csv
2026-01-08 21:50:48,868 INFO o.a.j.t.JMeterThread: Thread started: Doctor Users (9 VUs) 2-7
2026-01-08 21:50:49,419 INFO o.a.j.t.JMeterThread: Thread started: Patient Users (27 VUs) 1-15
2026-01-08 21:50:50,297 INFO o.a.j.t.JMeterThread: Thread started: Nurse Users (7 VUs) 3-4
2026-01-08 21:50:50,529 INFO o.a.j.t.JMeterThread: Thread started: Patient Users (27 VUs) 1-16
2026-01-08 21:50:50,535 INFO o.a.j.t.JMeterThread: Thread started: Doctor Users (9 VUs) 2-8
2026-01-08 21:50:51,368 INFO o.a.j.t.JMeterThread: Thread started: Receptionist Users (6 VUs) 4-2
2026-01-08 21:50:51,640 INFO o.a.j.t.JMeterThread: Thread started: Patient Users (27 VUs) 1-17
2026-01-08 21:50:52,202 INFO o.a.j.t.JMeterThread: Thread started: Doctor Users (9 VUs) 2-9
2026-01-08 21:50:52,441 INFO o.a.j.t.JMeterThread: Thread started: Nurse Users (7 VUs) 3-5
2026-01-08 21:50:52,751 INFO o.a.j.t.JMeterThread: Thread started: Patient Users (27 VUs) 1-18
2026-01-08 21:50:53,860 INFO o.a.j.t.JMeterThread: Thread started: Patient Users (27 VUs) 1-19
2026-01-08 21:50:53,868 INFO o.a.j.t.JMeterThread: Thread started: Receptionist Users (6 VUs) 4-3
2026-01-08 21:50:53,868 INFO o.a.j.t.JMeterThread: Thread started: Admin User (1 VU) 5-1
2026-01-08 21:50:54,187 INFO o.a.j.g.a.Start: Stopping test
2026-01-08 21:50:54,192 INFO o.a.j.t.JMeterThread: Stopping: Patient Users (27 VUs) 1-11
2026-01-08 21:50:54,192 INFO o.a.j.t.JMeterThread: Stopping: Patient Users (27 VUs) 1-18
2026-01-08 21:50:54,192 INFO o.a.j.t.JMeterThread: Stopping: Patient Users (27 VUs) 1-26
2026-01-08 21:50:54,192 INFO o.a.j.t.JMeterThread: Stopping: Patient Users (27 VUs) 1-15
2026-01-08 21:50:54,192 INFO o.a.j.t.JMeterThread: Stopping: Patient Users (27 VUs) 1-2
2026-01-08 21:50:54,192 INFO o.a.j.t.JMeterThread: Stopping: Patient Users (27 VUs) 1-3
2026-01-08 21:50:54,192 WARN o.a.j.t.JMeterThread: The delay timer was interrupted - probably did not wait as long as intended.
2026-01-08 21:50:54,192 WARN o.a.j.t.JMeterThread: The delay timer was interrupted - probably did not wait as long as intended.
2026-01-08 21:50:54,192 WARN o.a.j.t.JMeterThread: The delay timer was interrupted - probably did not wait as long as intended.
2026-01-08 21:50:54,192 WARN o.a.j.t.JMeterThread: The delay timer was interrupted - probably did not wait as long as intended.
2026-01-08 21:50:54,192 INFO o.a.j.t.JMeterThread: Stopping: Patient Users (27 VUs) 1-24
2026-01-08 21:50:54,192 INFO o.a.j.t.JMeterThread: Thread started: Patient Users (27 VUs) 1-26
2026-01-08 21:50:54,192 WARN o.a.j.t.JMeterThread: The delay timer was interrupted - probably did not wait as long as intended.
2026-01-08 21:50:54,192 INFO o.a.j.t.JMeterThread: Thread started: Patient Users (27 VUs) 1-24
2026-01-08 21:50:54,192 INFO o.a.j.t.JMeterThread: Stopping: Patient Users (27 VUs) 1-10
2026-01-08 21:50:54,192 INFO o.a.j.t.JMeterThread: Thread finished: Patient Users (27 VUs) 1-18
2026-01-08 21:50:54,192 INFO o.a.j.t.JMeterThread: Thread finished: Patient Users (27 VUs) 1-15
2026-01-08 21:50:54,192 INFO o.a.j.t.JMeterThread: Thread finished: Patient Users (27 VUs) 1-11
2026-01-08 21:50:54,192 INFO o.a.j.t.JMeterThread: Stopping: Patient Users (27 VUs) 1-23
2026-01-08 21:50:54,192 INFO o.a.j.t.JMeterThread: Thread finished: Patient Users (27 VUs) 1-24
2026-01-08 21:50:54,192 INFO o.a.j.t.JMeterThread: Thread finished: Patient Users (27 VUs) 1-26
2026-01-08 21:50:54,192 INFO o.a.j.t.JMeterThread: Stopping: Patient Users (27 VUs) 1-4
2026-01-08 21:50:54,192 INFO o.a.j.t.JMeterThread: Stopping: Patient Users (27 VUs) 1-14
2026-01-08 21:50:54,192 INFO o.a.j.t.JMeterThread: Stopping: Patient Users (27 VUs) 1-19
2026-01-08 21:50:54,192 INFO o.a.j.t.JMeterThread: Thread started: Patient Users (27 VUs) 1-23
2026-01-08 21:50:54,192 INFO o.a.j.t.JMeterThread: Thread finished: Patient Users (27 VUs) 1-3
2026-01-08 21:50:54,192 INFO o.a.j.t.JMeterThread: Stopping: Patient Users (27 VUs) 1-25
2026-01-08 21:50:54,192 WARN o.a.j.t.JMeterThread: The delay timer was interrupted - probably did not wait as long as intended.
2026-01-08 21:50:54,192 WARN o.a.j.t.JMeterThread: The delay timer was interrupted - probably did not wait as long as intended.
2026-01-08 21:50:54,192 WARN o.a.j.t.JMeterThread: The delay timer was interrupted - probably did not wait as long as intended.
2026-01-08 21:50:54,192 INFO o.a.j.t.JMeterThread: Thread finished: Patient Users (27 VUs) 1-2
2026-01-08 21:50:54,192 INFO o.a.j.t.JMeterThread: Thread finished: Patient Users (27 VUs) 1-23
2026-01-08 21:50:54,192 INFO o.a.j.t.JMeterThread: Thread finished: Patient Users (27 VUs) 1-19
2026-01-08 21:50:54,193 INFO o.a.j.t.JMeterThread: Thread finished: Patient Users (27 VUs) 1-14
2026-01-08 21:50:54,193 INFO o.a.j.t.JMeterThread: Stopping: Patient Users (27 VUs) 1-21
2026-01-08 21:50:54,193 INFO o.a.j.t.JMeterThread: Stopping: Patient Users (27 VUs) 1-12
2026-01-08 21:50:54,192 WARN o.a.j.t.JMeterThread: The delay timer was interrupted - probably did not wait as long as intended.
2026-01-08 21:50:54,192 INFO o.a.j.t.JMeterThread: Thread finished: Patient Users (27 VUs) 1-4
2026-01-08 21:50:54,193 INFO o.a.j.t.JMeterThread: Thread started: Patient Users (27 VUs) 1-25
2026-01-08 21:50:54,193 INFO o.a.j.t.JMeterThread: Thread finished: Patient Users (27 VUs) 1-10
2026-01-08 21:50:54,193 INFO o.a.j.t.JMeterThread: Stopping: Patient Users (27 VUs) 1-20
2026-01-08 21:50:54,193 INFO o.a.j.t.JMeterThread: Thread started: Patient Users (27 VUs) 1-21
2026-01-08 21:50:54,193 INFO o.a.j.t.JMeterThread: Thread finished: Patient Users (27 VUs) 1-25
2026-01-08 21:50:54,193 INFO o.a.j.t.JMeterThread: Thread finished: Patient Users (27 VUs) 1-21
2026-01-08 21:50:54,193 INFO o.a.j.t.JMeterThread: Stopping: Patient Users (27 VUs) 1-1
2026-01-08 21:50:54,193 WARN o.a.j.t.JMeterThread: The delay timer was interrupted - probably did not wait as long as intended.
2026-01-08 21:50:54,193 INFO o.a.j.t.JMeterThread: Stopping: Patient Users (27 VUs) 1-16
2026-01-08 21:50:54,193 INFO o.a.j.t.JMeterThread: Thread finished: Patient Users (27 VUs) 1-12
2026-01-08 21:50:54,193 WARN o.a.j.t.JMeterThread: The delay timer was interrupted - probably did not wait as long as intended.
2026-01-08 21:50:54,193 INFO o.a.j.t.JMeterThread: Thread finished: Patient Users (27 VUs) 1-1
2026-01-08 21:50:54,193 INFO o.a.j.t.JMeterThread: Stopping: Patient Users (27 VUs) 1-7
2026-01-08 21:50:54,193 WARN o.a.j.t.JMeterThread: The delay timer was interrupted - probably did not wait as long as intended.
2026-01-08 21:50:54,193 INFO o.a.j.t.JMeterThread: Thread started: Patient Users (27 VUs) 1-20
2026-01-08 21:50:54,193 INFO o.a.j.t.JMeterThread: Stopping: Patient Users (27 VUs) 1-27
2026-01-08 21:50:54,193 INFO o.a.j.t.JMeterThread: Thread finished: Patient Users (27 VUs) 1-20
2026-01-08 21:50:54,193 INFO o.a.j.t.JMeterThread: Thread finished: Patient Users (27 VUs) 1-16
2026-01-08 21:50:54,193 WARN o.a.j.t.JMeterThread: The delay timer was interrupted - probably did not wait as long as intended.
2026-01-08 21:50:54,193 INFO o.a.j.t.JMeterThread: Stopping: Patient Users (27 VUs) 1-13
2026-01-08 21:50:54,193 INFO o.a.j.t.JMeterThread: Thread finished: Patient Users (27 VUs) 1-7
2026-01-08 21:50:54,193 INFO o.a.j.t.JMeterThread: Stopping: Patient Users (27 VUs) 1-9
2026-01-08 21:50:54,193 INFO o.a.j.t.JMeterThread: Stopping: Patient Users (27 VUs) 1-5
2026-01-08 21:50:54,193 INFO o.a.j.t.JMeterThread: Stopping: Patient Users (27 VUs) 1-22
2026-01-08 21:50:54,193 INFO o.a.j.t.JMeterThread: Stopping: Patient Users (27 VUs) 1-8
2026-01-08 21:50:54,193 INFO o.a.j.t.JMeterThread: Stopping: Patient Users (27 VUs) 1-6
2026-01-08 21:50:54,193 WARN o.a.j.t.JMeterThread: The delay timer was interrupted - probably did not wait as long as intended.
2026-01-08 21:50:54,193 WARN o.a.j.t.JMeterThread: The delay timer was interrupted - probably did not wait as long as intended.
2026-01-08 21:50:54,193 WARN o.a.j.t.JMeterThread: The delay timer was interrupted - probably did not wait as long as intended.
2026-01-08 21:50:54,193 INFO o.a.j.t.JMeterThread: Thread finished: Patient Users (27 VUs) 1-9
2026-01-08 21:50:54,193 INFO o.a.j.t.JMeterThread: Thread started: Patient Users (27 VUs) 1-22
2026-01-08 21:50:54,193 INFO o.a.j.t.JMeterThread: Thread finished: Patient Users (27 VUs) 1-6
2026-01-08 21:50:54,193 INFO o.a.j.t.JMeterThread: Thread finished: Patient Users (27 VUs) 1-22
2026-01-08 21:50:54,193 WARN o.a.j.t.JMeterThread: The delay timer was interrupted - probably did not wait as long as intended.
2026-01-08 21:50:54,193 WARN o.a.j.t.JMeterThread: The delay timer was interrupted - probably did not wait as long as intended.
2026-01-08 21:50:54,193 INFO o.a.j.t.JMeterThread: Thread finished: Patient Users (27 VUs) 1-13
2026-01-08 21:50:54,193 INFO o.a.j.t.JMeterThread: Thread finished: Patient Users (27 VUs) 1-5
2026-01-08 21:50:54,193 INFO o.a.j.t.JMeterThread: Stopping: Patient Users (27 VUs) 1-17
2026-01-08 21:50:54,194 INFO o.a.j.t.JMeterThread: Stopping: Doctor Users (9 VUs) 2-7
2026-01-08 21:50:54,194 INFO o.a.j.t.JMeterThread: Stopping: Doctor Users (9 VUs) 2-8
2026-01-08 21:50:54,194 INFO o.a.j.t.JMeterThread: Stopping: Doctor Users (9 VUs) 2-5
2026-01-08 21:50:54,194 WARN o.a.j.t.JMeterThread: The delay timer was interrupted - probably did not wait as long as intended.
2026-01-08 21:50:54,194 INFO o.a.j.t.JMeterThread: Stopping: Doctor Users (9 VUs) 2-9
2026-01-08 21:50:54,194 WARN o.a.j.t.JMeterThread: The delay timer was interrupted - probably did not wait as long as intended.
2026-01-08 21:50:54,193 INFO o.a.j.t.JMeterThread: Thread started: Patient Users (27 VUs) 1-27
2026-01-08 21:50:54,194 INFO o.a.j.t.JMeterThread: Thread finished: Doctor Users (9 VUs) 2-7
2026-01-08 21:50:54,194 WARN o.a.j.t.JMeterThread: The delay timer was interrupted - probably did not wait as long as intended.
2026-01-08 21:50:54,194 WARN o.a.j.t.JMeterThread: The delay timer was interrupted - probably did not wait as long as intended.
2026-01-08 21:50:54,194 INFO o.a.j.t.JMeterThread: Thread finished: Doctor Users (9 VUs) 2-8
2026-01-08 21:50:54,193 INFO o.a.j.t.JMeterThread: Thread finished: Patient Users (27 VUs) 1-8
2026-01-08 21:50:54,194 WARN o.a.j.t.JMeterThread: The delay timer was interrupted - probably did not wait as long as intended.
2026-01-08 21:50:54,194 INFO o.a.j.t.JMeterThread: Stopping: Doctor Users (9 VUs) 2-6
2026-01-08 21:50:54,195 INFO o.a.j.t.JMeterThread: Thread finished: Doctor Users (9 VUs) 2-9
2026-01-08 21:50:54,195 INFO o.a.j.t.JMeterThread: Stopping: Doctor Users (9 VUs) 2-1
2026-01-08 21:50:54,194 INFO o.a.j.t.JMeterThread: Thread finished: Patient Users (27 VUs) 1-27
2026-01-08 21:50:54,195 WARN o.a.j.t.JMeterThread: The delay timer was interrupted - probably did not wait as long as intended.
2026-01-08 21:50:54,194 INFO o.a.j.t.JMeterThread: Thread finished: Doctor Users (9 VUs) 2-5
2026-01-08 21:50:54,195 INFO o.a.j.t.JMeterThread: Stopping: Doctor Users (9 VUs) 2-4
2026-01-08 21:50:54,195 WARN o.a.j.t.JMeterThread: The delay timer was interrupted - probably did not wait as long as intended.
2026-01-08 21:50:54,195 INFO o.a.j.t.JMeterThread: Stopping: Doctor Users (9 VUs) 2-2
2026-01-08 21:50:54,195 INFO o.a.j.t.JMeterThread: Thread finished: Patient Users (27 VUs) 1-17
2026-01-08 21:50:54,195 INFO o.a.j.t.JMeterThread: Thread finished: Doctor Users (9 VUs) 2-6
2026-01-08 21:50:54,195 WARN o.a.j.t.JMeterThread: The delay timer was interrupted - probably did not wait as long as intended.
2026-01-08 21:50:54,195 INFO o.a.j.t.JMeterThread: Thread finished: Doctor Users (9 VUs) 2-1
2026-01-08 21:50:54,195 WARN o.a.j.t.JMeterThread: The delay timer was interrupted - probably did not wait as long as intended.
2026-01-08 21:50:54,195 INFO o.a.j.t.JMeterThread: Stopping: Doctor Users (9 VUs) 2-3
2026-01-08 21:50:54,195 INFO o.a.j.t.JMeterThread: Thread finished: Doctor Users (9 VUs) 2-2
2026-01-08 21:50:54,195 INFO o.a.j.t.JMeterThread: Thread finished: Doctor Users (9 VUs) 2-4
2026-01-08 21:50:54,195 INFO o.a.j.t.JMeterThread: Stopping: Nurse Users (7 VUs) 3-3
2026-01-08 21:50:54,195 INFO o.a.j.t.JMeterThread: Stopping: Nurse Users (7 VUs) 3-5
2026-01-08 21:50:54,195 WARN o.a.j.t.JMeterThread: The delay timer was interrupted - probably did not wait as long as intended.
2026-01-08 21:50:54,195 INFO o.a.j.t.JMeterThread: Stopping: Nurse Users (7 VUs) 3-7
2026-01-08 21:50:54,195 INFO o.a.j.t.JMeterThread: Stopping: Nurse Users (7 VUs) 3-1
2026-01-08 21:50:54,195 WARN o.a.j.t.JMeterThread: The delay timer was interrupted - probably did not wait as long as intended.
2026-01-08 21:50:54,195 WARN o.a.j.t.JMeterThread: The delay timer was interrupted - probably did not wait as long as intended.
2026-01-08 21:50:54,195 WARN o.a.j.t.JMeterThread: The delay timer was interrupted - probably did not wait as long as intended.
2026-01-08 21:50:54,195 INFO o.a.j.t.JMeterThread: Thread finished: Nurse Users (7 VUs) 3-5
2026-01-08 21:50:54,195 INFO o.a.j.t.JMeterThread: Thread finished: Nurse Users (7 VUs) 3-3
2026-01-08 21:50:54,195 INFO o.a.j.t.JMeterThread: Thread finished: Nurse Users (7 VUs) 3-1
2026-01-08 21:50:54,195 INFO o.a.j.t.JMeterThread: Thread finished: Doctor Users (9 VUs) 2-3
2026-01-08 21:50:54,195 INFO o.a.j.t.JMeterThread: Thread started: Nurse Users (7 VUs) 3-7
2026-01-08 21:50:54,195 INFO o.a.j.t.JMeterThread: Stopping: Nurse Users (7 VUs) 3-4
2026-01-08 21:50:54,195 INFO o.a.j.t.JMeterThread: Thread finished: Nurse Users (7 VUs) 3-7
2026-01-08 21:50:54,195 INFO o.a.j.t.JMeterThread: Stopping: Nurse Users (7 VUs) 3-2
2026-01-08 21:50:54,195 WARN o.a.j.t.JMeterThread: The delay timer was interrupted - probably did not wait as long as intended.
2026-01-08 21:50:54,195 INFO o.a.j.t.JMeterThread: Stopping: Nurse Users (7 VUs) 3-6
2026-01-08 21:50:54,195 WARN o.a.j.t.JMeterThread: The delay timer was interrupted - probably did not wait as long as intended.
2026-01-08 21:50:54,195 INFO o.a.j.t.JMeterThread: Thread finished: Nurse Users (7 VUs) 3-4
2026-01-08 21:50:54,195 INFO o.a.j.t.JMeterThread: Thread started: Nurse Users (7 VUs) 3-6
2026-01-08 21:50:54,195 INFO o.a.j.t.JMeterThread: Thread finished: Nurse Users (7 VUs) 3-6
2026-01-08 21:50:54,195 INFO o.a.j.t.JMeterThread: Stopping: Receptionist Users (6 VUs) 4-2
2026-01-08 21:50:54,195 INFO o.a.j.t.JMeterThread: Thread finished: Nurse Users (7 VUs) 3-2
2026-01-08 21:50:54,197 INFO o.a.j.t.JMeterThread: Stopping: Receptionist Users (6 VUs) 4-3
2026-01-08 21:50:54,197 INFO o.a.j.t.JMeterThread: Stopping: Receptionist Users (6 VUs) 4-5
2026-01-08 21:50:54,197 INFO o.a.j.t.JMeterThread: Stopping: Receptionist Users (6 VUs) 4-4
2026-01-08 21:50:54,197 WARN o.a.j.t.JMeterThread: The delay timer was interrupted - probably did not wait as long as intended.
2026-01-08 21:50:54,197 INFO o.a.j.t.JMeterThread: Stopping: Receptionist Users (6 VUs) 4-1
2026-01-08 21:50:54,197 WARN o.a.j.t.JMeterThread: The delay timer was interrupted - probably did not wait as long as intended.
2026-01-08 21:50:54,197 INFO o.a.j.t.JMeterThread: Thread started: Receptionist Users (6 VUs) 4-5
2026-01-08 21:50:54,197 INFO o.a.j.t.JMeterThread: Thread finished: Receptionist Users (6 VUs) 4-2
2026-01-08 21:50:54,197 WARN o.a.j.t.JMeterThread: The delay timer was interrupted - probably did not wait as long as intended.
2026-01-08 21:50:54,197 INFO o.a.j.t.JMeterThread: Stopping: Receptionist Users (6 VUs) 4-6
2026-01-08 21:50:54,197 INFO o.a.j.t.JMeterThread: Thread finished: Receptionist Users (6 VUs) 4-3
2026-01-08 21:50:54,197 INFO o.a.j.t.JMeterThread: Thread started: Receptionist Users (6 VUs) 4-4
2026-01-08 21:50:54,197 INFO o.a.j.t.JMeterThread: Thread finished: Receptionist Users (6 VUs) 4-1
2026-01-08 21:50:54,197 INFO o.a.j.t.JMeterThread: Thread finished: Receptionist Users (6 VUs) 4-4
2026-01-08 21:50:54,197 INFO o.a.j.t.JMeterThread: Thread finished: Receptionist Users (6 VUs) 4-5
2026-01-08 21:50:54,197 INFO o.a.j.t.JMeterThread: Stopping: Admin User (1 VU) 5-1
2026-01-08 21:50:54,197 INFO o.a.j.t.JMeterThread: Thread started: Receptionist Users (6 VUs) 4-6
2026-01-08 21:50:54,197 WARN o.a.j.t.JMeterThread: The delay timer was interrupted - probably did not wait as long as intended.
2026-01-08 21:50:54,197 INFO o.a.j.t.JMeterThread: Thread finished: Receptionist Users (6 VUs) 4-6
2026-01-08 21:50:54,197 INFO o.a.j.t.JMeterThread: Thread finished: Admin User (1 VU) 5-1
2026-01-08 21:50:54,197 INFO o.a.j.e.StandardJMeterEngine: Notifying test listeners of end of test
2026-01-08 21:50:54,197 INFO o.a.j.s.FileServer: Close: d:\1_Hoc_Tap\1_1_Dai_Hoc\Tai_lieu_ki_1_nam_3\CongNghePhanMemChuyenSau\HMS-total\HMS_Backend\infrastructure\jmeter\data/nurse_credentials.csv
2026-01-08 21:50:54,197 INFO o.a.j.s.FileServer: Close: d:\1_Hoc_Tap\1_1_Dai_Hoc\Tai_lieu_ki_1_nam_3\CongNghePhanMemChuyenSau\HMS-total\HMS_Backend\infrastructure\jmeter\data/receptionist_credentials.csv
2026-01-08 21:50:54,197 INFO o.a.j.s.FileServer: Close: d:\1_Hoc_Tap\1_1_Dai_Hoc\Tai_lieu_ki_1_nam_3\CongNghePhanMemChuyenSau\HMS-total\HMS_Backend\infrastructure\jmeter\data/doctor_credentials.csv
2026-01-08 21:50:54,197 INFO o.a.j.s.FileServer: Close: d:\1_Hoc_Tap\1_1_Dai_Hoc\Tai_lieu_ki_1_nam_3\CongNghePhanMemChuyenSau\HMS-total\HMS_Backend\infrastructure\jmeter\data/patient_credentials.csv
2026-01-08 21:50:54,197 INFO o.a.j.g.u.JMeterMenuBar: setRunning(false, *local*)
2026-01-08 21:57:48,357 INFO o.a.j.e.StandardJMeterEngine: Running the test!
2026-01-08 21:57:48,357 INFO o.a.j.s.SampleEvent: List of sample_variables: []
2026-01-08 21:57:48,359 INFO o.a.j.g.u.JMeterMenuBar: setRunning(true, *local*)
2026-01-08 21:57:48,387 INFO o.a.j.e.StandardJMeterEngine: Starting ThreadGroup: 1 : Patient Users (27 VUs)
2026-01-08 21:57:48,387 INFO o.a.j.e.StandardJMeterEngine: Starting 27 threads for group Patient Users (27 VUs).
2026-01-08 21:57:48,387 INFO o.a.j.e.StandardJMeterEngine: Thread will continue on error
2026-01-08 21:57:48,387 INFO o.a.j.t.ThreadGroup: Starting thread group... number=1 threads=27 ramp-up=30 delayedStart=false
2026-01-08 21:57:48,387 INFO o.a.j.t.JMeterThread: Thread started: Patient Users (27 VUs) 1-1
2026-01-08 21:57:48,387 INFO o.a.j.s.FileServer: Stored: d:\1_Hoc_Tap\1_1_Dai_Hoc\Tai_lieu_ki_1_nam_3\CongNghePhanMemChuyenSau\HMS-total\HMS_Backend\infrastructure\jmeter\data/patient_credentials.csv
2026-01-08 21:57:48,389 INFO o.a.j.t.ThreadGroup: Started thread group number 1
2026-01-08 21:57:48,389 INFO o.a.j.e.StandardJMeterEngine: Starting ThreadGroup: 2 : Doctor Users (9 VUs)
2026-01-08 21:57:48,389 INFO o.a.j.e.StandardJMeterEngine: Starting 9 threads for group Doctor Users (9 VUs).
2026-01-08 21:57:48,389 INFO o.a.j.e.StandardJMeterEngine: Thread will continue on error
2026-01-08 21:57:48,389 INFO o.a.j.t.ThreadGroup: Starting thread group... number=2 threads=9 ramp-up=15 delayedStart=false
2026-01-08 21:57:48,391 INFO o.a.j.t.ThreadGroup: Started thread group number 2
2026-01-08 21:57:48,391 INFO o.a.j.e.StandardJMeterEngine: Starting ThreadGroup: 3 : Nurse Users (7 VUs)
2026-01-08 21:57:48,391 INFO o.a.j.e.StandardJMeterEngine: Starting 7 threads for group Nurse Users (7 VUs).
2026-01-08 21:57:48,391 INFO o.a.j.e.StandardJMeterEngine: Thread will continue on error
2026-01-08 21:57:48,391 INFO o.a.j.t.ThreadGroup: Starting thread group... number=3 threads=7 ramp-up=15 delayedStart=false
2026-01-08 21:57:48,391 INFO o.a.j.t.ThreadGroup: Started thread group number 3
2026-01-08 21:57:48,391 INFO o.a.j.e.StandardJMeterEngine: Starting ThreadGroup: 4 : Receptionist Users (6 VUs)
2026-01-08 21:57:48,391 INFO o.a.j.e.StandardJMeterEngine: Starting 6 threads for group Receptionist Users (6 VUs).
2026-01-08 21:57:48,391 INFO o.a.j.e.StandardJMeterEngine: Thread will continue on error
2026-01-08 21:57:48,391 INFO o.a.j.t.ThreadGroup: Starting thread group... number=4 threads=6 ramp-up=15 delayedStart=false
2026-01-08 21:57:48,393 INFO o.a.j.t.ThreadGroup: Started thread group number 4
2026-01-08 21:57:48,393 INFO o.a.j.e.StandardJMeterEngine: Starting ThreadGroup: 5 : Admin User (1 VU)
2026-01-08 21:57:48,393 INFO o.a.j.e.StandardJMeterEngine: Starting 1 threads for group Admin User (1 VU).
2026-01-08 21:57:48,393 INFO o.a.j.e.StandardJMeterEngine: Thread will continue on error
2026-01-08 21:57:48,393 INFO o.a.j.t.ThreadGroup: Starting thread group... number=5 threads=1 ramp-up=5 delayedStart=false
2026-01-08 21:57:48,393 INFO o.a.j.t.ThreadGroup: Started thread group number 5
2026-01-08 21:57:48,393 INFO o.a.j.e.StandardJMeterEngine: All thread groups have been started
2026-01-08 21:57:49,132 INFO o.a.j.g.a.Start: Stopping test
2026-01-08 21:57:49,138 INFO o.a.j.t.JMeterThread: Stopping: Patient Users (27 VUs) 1-21
2026-01-08 21:57:49,138 INFO o.a.j.t.JMeterThread: Stopping: Patient Users (27 VUs) 1-3
2026-01-08 21:57:49,138 INFO o.a.j.t.JMeterThread: Stopping: Patient Users (27 VUs) 1-17
2026-01-08 21:57:49,138 INFO o.a.j.t.JMeterThread: Stopping: Patient Users (27 VUs) 1-2
2026-01-08 21:57:49,138 INFO o.a.j.t.JMeterThread: Stopping: Patient Users (27 VUs) 1-12
2026-01-08 21:57:49,138 INFO o.a.j.t.JMeterThread: Stopping: Patient Users (27 VUs) 1-18
2026-01-08 21:57:49,138 INFO o.a.j.t.JMeterThread: Stopping: Patient Users (27 VUs) 1-11
2026-01-08 21:57:49,138 INFO o.a.j.t.JMeterThread: Stopping: Patient Users (27 VUs) 1-16
2026-01-08 21:57:49,138 INFO o.a.j.t.JMeterThread: Stopping: Patient Users (27 VUs) 1-15
2026-01-08 21:57:49,138 INFO o.a.j.t.JMeterThread: Thread started: Patient Users (27 VUs) 1-3
2026-01-08 21:57:49,138 INFO o.a.j.t.JMeterThread: Thread started: Patient Users (27 VUs) 1-16
2026-01-08 21:57:49,138 INFO o.a.j.t.JMeterThread: Thread started: Patient Users (27 VUs) 1-21
2026-01-08 21:57:49,138 INFO o.a.j.t.JMeterThread: Thread finished: Patient Users (27 VUs) 1-3
2026-01-08 21:57:49,138 INFO o.a.j.t.JMeterThread: Stopping: Patient Users (27 VUs) 1-6
2026-01-08 21:57:49,138 INFO o.a.j.t.JMeterThread: Thread finished: Patient Users (27 VUs) 1-16
2026-01-08 21:57:49,138 INFO o.a.j.t.JMeterThread: Thread started: Patient Users (27 VUs) 1-15
2026-01-08 21:57:49,138 INFO o.a.j.t.JMeterThread: Thread started: Patient Users (27 VUs) 1-17
2026-01-08 21:57:49,138 INFO o.a.j.t.JMeterThread: Thread started: Patient Users (27 VUs) 1-11
2026-01-08 21:57:49,138 INFO o.a.j.t.JMeterThread: Thread started: Patient Users (27 VUs) 1-12
2026-01-08 21:57:49,139 INFO o.a.j.t.JMeterThread: Thread finished: Patient Users (27 VUs) 1-11
2026-01-08 21:57:49,139 INFO o.a.j.t.JMeterThread: Thread finished: Patient Users (27 VUs) 1-17
2026-01-08 21:57:49,138 INFO o.a.j.t.JMeterThread: Thread started: Patient Users (27 VUs) 1-18
2026-01-08 21:57:49,139 INFO o.a.j.t.JMeterThread: Thread finished: Patient Users (27 VUs) 1-12
2026-01-08 21:57:49,138 INFO o.a.j.t.JMeterThread: Thread started: Patient Users (27 VUs) 1-2
2026-01-08 21:57:49,138 INFO o.a.j.t.JMeterThread: Thread finished: Patient Users (27 VUs) 1-21
2026-01-08 21:57:49,139 INFO o.a.j.t.JMeterThread: Thread finished: Patient Users (27 VUs) 1-2
2026-01-08 21:57:49,139 INFO o.a.j.t.JMeterThread: Thread finished: Patient Users (27 VUs) 1-15
2026-01-08 21:57:49,139 INFO o.a.j.t.JMeterThread: Thread finished: Patient Users (27 VUs) 1-18
2026-01-08 21:57:49,139 INFO o.a.j.t.JMeterThread: Stopping: Patient Users (27 VUs) 1-13
2026-01-08 21:57:49,139 INFO o.a.j.t.JMeterThread: Thread started: Patient Users (27 VUs) 1-6
2026-01-08 21:57:49,139 INFO o.a.j.t.JMeterThread: Thread started: Patient Users (27 VUs) 1-13
2026-01-08 21:57:49,139 INFO o.a.j.t.JMeterThread: Stopping: Patient Users (27 VUs) 1-8
2026-01-08 21:57:49,139 INFO o.a.j.t.JMeterThread: Stopping: Patient Users (27 VUs) 1-9
2026-01-08 21:57:49,139 INFO o.a.j.t.JMeterThread: Stopping: Patient Users (27 VUs) 1-24
2026-01-08 21:57:49,139 INFO o.a.j.t.JMeterThread: Thread finished: Patient Users (27 VUs) 1-6
2026-01-08 21:57:49,139 INFO o.a.j.t.JMeterThread: Thread started: Patient Users (27 VUs) 1-8
2026-01-08 21:57:49,139 INFO o.a.j.t.JMeterThread: Thread finished: Patient Users (27 VUs) 1-13
2026-01-08 21:57:49,139 INFO o.a.j.t.JMeterThread: Thread started: Patient Users (27 VUs) 1-9
2026-01-08 21:57:49,139 INFO o.a.j.t.JMeterThread: Thread finished: Patient Users (27 VUs) 1-8
2026-01-08 21:57:49,139 INFO o.a.j.t.JMeterThread: Stopping: Patient Users (27 VUs) 1-26
2026-01-08 21:57:49,139 INFO o.a.j.t.JMeterThread: Thread finished: Patient Users (27 VUs) 1-9
2026-01-08 21:57:49,139 INFO o.a.j.t.JMeterThread: Stopping: Patient Users (27 VUs) 1-20
2026-01-08 21:57:49,139 INFO o.a.j.t.JMeterThread: Thread started: Patient Users (27 VUs) 1-24
2026-01-08 21:57:49,139 INFO o.a.j.t.JMeterThread: Thread started: Patient Users (27 VUs) 1-26
2026-01-08 21:57:49,139 INFO o.a.j.t.JMeterThread: Stopping: Patient Users (27 VUs) 1-27
2026-01-08 21:57:49,139 INFO o.a.j.t.JMeterThread: Thread finished: Patient Users (27 VUs) 1-24
2026-01-08 21:57:49,139 INFO o.a.j.t.JMeterThread: Thread finished: Patient Users (27 VUs) 1-26
2026-01-08 21:57:49,139 INFO o.a.j.t.JMeterThread: Thread started: Patient Users (27 VUs) 1-20
2026-01-08 21:57:49,139 INFO o.a.j.t.JMeterThread: Stopping: Patient Users (27 VUs) 1-7
2026-01-08 21:57:49,139 INFO o.a.j.t.JMeterThread: Stopping: Patient Users (27 VUs) 1-1
2026-01-08 21:57:49,139 INFO o.a.j.t.JMeterThread: Stopping: Patient Users (27 VUs) 1-14
2026-01-08 21:57:49,139 INFO o.a.j.t.JMeterThread: Thread finished: Patient Users (27 VUs) 1-20
2026-01-08 21:57:49,139 WARN o.a.j.t.JMeterThread: The delay timer was interrupted - probably did not wait as long as intended.
2026-01-08 21:57:49,139 INFO o.a.j.t.JMeterThread: Thread started: Patient Users (27 VUs) 1-27
2026-01-08 21:57:49,139 INFO o.a.j.t.JMeterThread: Stopping: Patient Users (27 VUs) 1-5
2026-01-08 21:57:49,139 INFO o.a.j.t.JMeterThread: Thread started: Patient Users (27 VUs) 1-14
2026-01-08 21:57:49,140 INFO o.a.j.t.JMeterThread: Thread finished: Patient Users (27 VUs) 1-1
2026-01-08 21:57:49,140 INFO o.a.j.t.JMeterThread: Thread finished: Patient Users (27 VUs) 1-27
2026-01-08 21:57:49,140 INFO o.a.j.t.JMeterThread: Thread finished: Patient Users (27 VUs) 1-14
2026-01-08 21:57:49,140 INFO o.a.j.t.JMeterThread: Thread started: Patient Users (27 VUs) 1-7
2026-01-08 21:57:49,140 INFO o.a.j.t.JMeterThread: Thread started: Patient Users (27 VUs) 1-5
2026-01-08 21:57:49,140 INFO o.a.j.t.JMeterThread: Stopping: Patient Users (27 VUs) 1-22
2026-01-08 21:57:49,140 INFO o.a.j.t.JMeterThread: Thread finished: Patient Users (27 VUs) 1-5
2026-01-08 21:57:49,140 INFO o.a.j.t.JMeterThread: Stopping: Patient Users (27 VUs) 1-25
2026-01-08 21:57:49,140 INFO o.a.j.t.JMeterThread: Stopping: Patient Users (27 VUs) 1-10
2026-01-08 21:57:49,140 INFO o.a.j.t.JMeterThread: Stopping: Patient Users (27 VUs) 1-19
2026-01-08 21:57:49,140 INFO o.a.j.t.JMeterThread: Stopping: Patient Users (27 VUs) 1-4
2026-01-08 21:57:49,140 INFO o.a.j.t.JMeterThread: Stopping: Patient Users (27 VUs) 1-23
2026-01-08 21:57:49,140 INFO o.a.j.t.JMeterThread: Thread started: Patient Users (27 VUs) 1-22
2026-01-08 21:57:49,140 INFO o.a.j.t.JMeterThread: Thread finished: Patient Users (27 VUs) 1-7
2026-01-08 21:57:49,140 INFO o.a.j.t.JMeterThread: Stopping: Doctor Users (9 VUs) 2-1
2026-01-08 21:57:49,140 INFO o.a.j.t.JMeterThread: Thread started: Patient Users (27 VUs) 1-19
2026-01-08 21:57:49,140 INFO o.a.j.t.JMeterThread: Thread started: Patient Users (27 VUs) 1-25
2026-01-08 21:57:49,140 INFO o.a.j.t.JMeterThread: Thread started: Patient Users (27 VUs) 1-23
2026-01-08 21:57:49,140 INFO o.a.j.t.JMeterThread: Thread finished: Patient Users (27 VUs) 1-19
2026-01-08 21:57:49,140 INFO o.a.j.t.JMeterThread: Thread started: Patient Users (27 VUs) 1-10
2026-01-08 21:57:49,140 INFO o.a.j.t.JMeterThread: Stopping: Doctor Users (9 VUs) 2-8
2026-01-08 21:57:49,140 INFO o.a.j.t.JMeterThread: Thread finished: Patient Users (27 VUs) 1-25
2026-01-08 21:57:49,140 INFO o.a.j.t.JMeterThread: Thread finished: Patient Users (27 VUs) 1-22
2026-01-08 21:57:49,140 INFO o.a.j.t.JMeterThread: Thread started: Doctor Users (9 VUs) 2-1
2026-01-08 21:57:49,140 INFO o.a.j.t.JMeterThread: Stopping: Doctor Users (9 VUs) 2-2
2026-01-08 21:57:49,140 INFO o.a.j.t.JMeterThread: Stopping: Doctor Users (9 VUs) 2-5
2026-01-08 21:57:49,140 INFO o.a.j.t.JMeterThread: Thread finished: Patient Users (27 VUs) 1-23
2026-01-08 21:57:49,140 INFO o.a.j.t.JMeterThread: Thread finished: Patient Users (27 VUs) 1-10
2026-01-08 21:57:49,140 INFO o.a.j.t.JMeterThread: Thread started: Doctor Users (9 VUs) 2-8
2026-01-08 21:57:49,140 INFO o.a.j.t.JMeterThread: Thread started: Doctor Users (9 VUs) 2-2
2026-01-08 21:57:49,140 INFO o.a.j.t.JMeterThread: Thread started: Patient Users (27 VUs) 1-4
2026-01-08 21:57:49,140 INFO o.a.j.t.JMeterThread: Thread finished: Doctor Users (9 VUs) 2-8
2026-01-08 21:57:49,140 INFO o.a.j.t.JMeterThread: Thread finished: Patient Users (27 VUs) 1-4
2026-01-08 21:57:49,140 INFO o.a.j.t.JMeterThread: Thread started: Doctor Users (9 VUs) 2-5
2026-01-08 21:57:49,140 INFO o.a.j.t.JMeterThread: Stopping: Doctor Users (9 VUs) 2-7
2026-01-08 21:57:49,140 INFO o.a.j.t.JMeterThread: Thread finished: Doctor Users (9 VUs) 2-5
2026-01-08 21:57:49,140 INFO o.a.j.t.JMeterThread: Stopping: Doctor Users (9 VUs) 2-6
2026-01-08 21:57:49,140 INFO o.a.j.t.JMeterThread: Stopping: Doctor Users (9 VUs) 2-9
2026-01-08 21:57:49,140 INFO o.a.j.t.JMeterThread: Stopping: Doctor Users (9 VUs) 2-4
2026-01-08 21:57:49,140 INFO o.a.j.t.JMeterThread: Thread started: Doctor Users (9 VUs) 2-7
2026-01-08 21:57:49,140 INFO o.a.j.t.JMeterThread: Stopping: Doctor Users (9 VUs) 2-3
2026-01-08 21:57:49,140 INFO o.a.j.t.JMeterThread: Thread finished: Doctor Users (9 VUs) 2-1
2026-01-08 21:57:49,140 INFO o.a.j.t.JMeterThread: Thread started: Doctor Users (9 VUs) 2-6
2026-01-08 21:57:49,140 INFO o.a.j.t.JMeterThread: Thread finished: Doctor Users (9 VUs) 2-6
2026-01-08 21:57:49,140 INFO o.a.j.t.JMeterThread: Thread started: Doctor Users (9 VUs) 2-9
2026-01-08 21:57:49,140 INFO o.a.j.t.JMeterThread: Thread finished: Doctor Users (9 VUs) 2-2
2026-01-08 21:57:49,140 INFO o.a.j.t.JMeterThread: Stopping: Nurse Users (7 VUs) 3-1
2026-01-08 21:57:49,140 INFO o.a.j.t.JMeterThread: Thread started: Doctor Users (9 VUs) 2-4
2026-01-08 21:57:49,140 INFO o.a.j.t.JMeterThread: Thread started: Doctor Users (9 VUs) 2-3
2026-01-08 21:57:49,140 INFO o.a.j.t.JMeterThread: Thread finished: Doctor Users (9 VUs) 2-7
2026-01-08 21:57:49,140 INFO o.a.j.t.JMeterThread: Stopping: Nurse Users (7 VUs) 3-4
2026-01-08 21:57:49,140 INFO o.a.j.t.JMeterThread: Thread finished: Doctor Users (9 VUs) 2-4
2026-01-08 21:57:49,140 INFO o.a.j.t.JMeterThread: Stopping: Nurse Users (7 VUs) 3-6
2026-01-08 21:57:49,140 INFO o.a.j.t.JMeterThread: Thread started: Nurse Users (7 VUs) 3-1
2026-01-08 21:57:49,140 INFO o.a.j.t.JMeterThread: Thread finished: Nurse Users (7 VUs) 3-1
2026-01-08 21:57:49,140 INFO o.a.j.t.JMeterThread: Thread finished: Doctor Users (9 VUs) 2-9
2026-01-08 21:57:49,140 INFO o.a.j.t.JMeterThread: Thread started: Nurse Users (7 VUs) 3-6
2026-01-08 21:57:49,140 INFO o.a.j.t.JMeterThread: Thread started: Nurse Users (7 VUs) 3-4
2026-01-08 21:57:49,140 INFO o.a.j.t.JMeterThread: Thread finished: Nurse Users (7 VUs) 3-6
2026-01-08 21:57:49,140 INFO o.a.j.t.JMeterThread: Stopping: Nurse Users (7 VUs) 3-2
2026-01-08 21:57:49,140 INFO o.a.j.t.JMeterThread: Thread finished: Doctor Users (9 VUs) 2-3
2026-01-08 21:57:49,141 INFO o.a.j.t.JMeterThread: Stopping: Nurse Users (7 VUs) 3-3
2026-01-08 21:57:49,141 INFO o.a.j.t.JMeterThread: Stopping: Nurse Users (7 VUs) 3-7
2026-01-08 21:57:49,141 INFO o.a.j.t.JMeterThread: Stopping: Nurse Users (7 VUs) 3-5
2026-01-08 21:57:49,141 INFO o.a.j.t.JMeterThread: Stopping: Receptionist Users (6 VUs) 4-5
2026-01-08 21:57:49,141 INFO o.a.j.t.JMeterThread: Stopping: Receptionist Users (6 VUs) 4-1
2026-01-08 21:57:49,141 INFO o.a.j.t.JMeterThread: Stopping: Receptionist Users (6 VUs) 4-2
2026-01-08 21:57:49,141 INFO o.a.j.t.JMeterThread: Thread finished: Nurse Users (7 VUs) 3-4
2026-01-08 21:57:49,141 INFO o.a.j.t.JMeterThread: Stopping: Receptionist Users (6 VUs) 4-3
2026-01-08 21:57:49,141 INFO o.a.j.t.JMeterThread: Thread started: Nurse Users (7 VUs) 3-7
2026-01-08 21:57:49,141 INFO o.a.j.t.JMeterThread: Thread started: Receptionist Users (6 VUs) 4-2
2026-01-08 21:57:49,141 INFO o.a.j.t.JMeterThread: Thread started: Receptionist Users (6 VUs) 4-5
2026-01-08 21:57:49,141 INFO o.a.j.t.JMeterThread: Thread finished: Nurse Users (7 VUs) 3-7
2026-01-08 21:57:49,141 INFO o.a.j.t.JMeterThread: Thread started: Nurse Users (7 VUs) 3-2
2026-01-08 21:57:49,141 INFO o.a.j.t.JMeterThread: Thread started: Nurse Users (7 VUs) 3-5
2026-01-08 21:57:49,141 INFO o.a.j.t.JMeterThread: Thread finished: Receptionist Users (6 VUs) 4-5
2026-01-08 21:57:49,141 INFO o.a.j.t.JMeterThread: Thread started: Receptionist Users (6 VUs) 4-1
2026-01-08 21:57:49,141 INFO o.a.j.t.JMeterThread: Thread finished: Nurse Users (7 VUs) 3-2
2026-01-08 21:57:49,141 INFO o.a.j.t.JMeterThread: Thread finished: Receptionist Users (6 VUs) 4-1
2026-01-08 21:57:49,141 INFO o.a.j.t.JMeterThread: Thread started: Receptionist Users (6 VUs) 4-3
2026-01-08 21:57:49,141 INFO o.a.j.t.JMeterThread: Thread started: Nurse Users (7 VUs) 3-3
2026-01-08 21:57:49,141 INFO o.a.j.t.JMeterThread: Thread finished: Receptionist Users (6 VUs) 4-2
2026-01-08 21:57:49,141 INFO o.a.j.t.JMeterThread: Thread finished: Nurse Users (7 VUs) 3-5
2026-01-08 21:57:49,141 INFO o.a.j.t.JMeterThread: Stopping: Receptionist Users (6 VUs) 4-4
2026-01-08 21:57:49,141 INFO o.a.j.t.JMeterThread: Thread finished: Receptionist Users (6 VUs) 4-3
2026-01-08 21:57:49,141 INFO o.a.j.t.JMeterThread: Thread finished: Nurse Users (7 VUs) 3-3
2026-01-08 21:57:49,141 INFO o.a.j.t.JMeterThread: Stopping: Receptionist Users (6 VUs) 4-6
2026-01-08 21:57:49,141 INFO o.a.j.t.JMeterThread: Stopping: Admin User (1 VU) 5-1
2026-01-08 21:57:49,141 INFO o.a.j.t.JMeterThread: Thread started: Receptionist Users (6 VUs) 4-4
2026-01-08 21:57:49,141 INFO o.a.j.t.JMeterThread: Thread finished: Receptionist Users (6 VUs) 4-4
2026-01-08 21:57:49,141 INFO o.a.j.t.JMeterThread: Thread started: Receptionist Users (6 VUs) 4-6
2026-01-08 21:57:49,141 INFO o.a.j.t.JMeterThread: Thread finished: Receptionist Users (6 VUs) 4-6
2026-01-08 21:57:49,141 INFO o.a.j.t.JMeterThread: Thread started: Admin User (1 VU) 5-1
2026-01-08 21:57:49,141 INFO o.a.j.t.JMeterThread: Thread finished: Admin User (1 VU) 5-1
2026-01-08 21:57:49,141 INFO o.a.j.e.StandardJMeterEngine: Notifying test listeners of end of test
2026-01-08 21:57:49,141 INFO o.a.j.s.FileServer: Close: d:\1_Hoc_Tap\1_1_Dai_Hoc\Tai_lieu_ki_1_nam_3\CongNghePhanMemChuyenSau\HMS-total\HMS_Backend\infrastructure\jmeter\data/patient_credentials.csv
2026-01-08 21:57:49,141 INFO o.a.j.g.u.JMeterMenuBar: setRunning(false, *local*)
